name,country,total_maps,total_rounds,kd_diff,kd,rating
ZywOo,France,854,22399,5248,1.38,1.28
s1mple,Ukraine,1429,37717,8070,1.33,1.25
deko,Russia,190,5096,1250,1.42,1.24
saffee,Brazil,202,5383,1211,1.37,1.24
sh1ro,Russia,744,19780,4593,1.43,1.22
m0NESY,Russia,144,3687,709,1.31,1.21
Kaze,Malaysia,784,20459,3900,1.32,1.2
degster,Russia,555,14868,2745,1.31,1.19
sterling,New Zealand,702,18010,3532,1.33,1.19
d4v41,Malaysia,308,8005,1358,1.27,1.18
smooya,United Kingdom,737,19476,3163,1.26,1.18
cLy,Germany,107,2756,461,1.26,1.18
w0nderful,Ukraine,106,2851,495,1.29,1.18
fxy0,France,186,4859,784,1.25,1.17
MisteM,South Africa,103,2624,376,1.22,1.17
XANTARES,Turkey,1511,39753,5320,1.2,1.17
Woro2k,Ukraine,129,3485,511,1.22,1.17
Laz,Japan,269,6862,1148,1.27,1.17
DANK1NG,China,305,8099,1269,1.24,1.16
SENSEi,Ukraine,341,8975,1669,1.33,1.16
try,Argentina,185,4854,820,1.28,1.16
coldzera,Brazil,1336,34861,5661,1.26,1.16
device,Denmark,1733,45159,7005,1.25,1.16
JamYoung,China,265,6992,1044,1.24,1.16
cosmeeeN,Romania,319,8310,1109,1.2,1.16
Sico,New Zealand,824,20947,3686,1.3,1.16
XigN,Korea,638,16454,2321,1.22,1.16
BnTeT,Indonesia,969,25236,3742,1.24,1.16
torzsi,Hungary,315,8498,1225,1.23,1.16
blameF,Denmark,715,19154,3110,1.27,1.16
z4kr,China,199,5271,715,1.21,1.15
NiKo,Bosnia and Herzegovina,1493,39556,4942,1.19,1.15
nettik,New Zealand,240,6182,798,1.2,1.15
KSCERATO,Brazil,806,20993,3430,1.28,1.15
vsm,Brazil,448,11827,1496,1.19,1.15
XELLOW,Romania,915,23961,2878,1.18,1.14
Benkai,Singapore,603,15560,2046,1.2,1.14
ju1ces,Australia,222,5737,734,1.2,1.14
dizzyLife,Australia,345,8772,1208,1.22,1.14
Jame,Russia,1065,28226,4765,1.3,1.14
El1an,Russia,1046,27968,3977,1.23,1.14
sk0R,Mongolia,211,5723,663,1.17,1.13
Texta,Australia,625,15713,1750,1.16,1.13
zAAz,Sweden,227,5502,606,1.16,1.13
oskar,Czech Republic,1347,35564,4509,1.2,1.13
mhL,Poland,357,9572,1235,1.2,1.13
woxic,Turkey,917,23999,3065,1.21,1.13
dav1d,Chile,227,5942,633,1.16,1.13
zevy,Brazil,133,3506,455,1.21,1.13
SunPayus,Spain,157,4244,554,1.21,1.13
keiz,Brazil,133,3587,573,1.28,1.13
fredi,Czech Republic,231,5987,661,1.17,1.13
mantuu,Poland,622,16657,2151,1.21,1.13
kennyS,France,1843,48634,6344,1.21,1.13
frozen,Slovakia,1080,28215,3189,1.17,1.13
huNter-,Bosnia and Herzegovina,1330,34977,3844,1.16,1.13
Petra,Netherlands,102,2487,262,1.16,1.13
erkaSt,Mongolia,830,21491,2460,1.17,1.12
yuurih,Brazil,898,23462,2802,1.19,1.12
dream3r,Bulgaria,1006,26099,3512,1.22,1.12
xsepower,Russia,1061,28504,4168,1.25,1.12
mattcd,Australia,234,5998,776,1.21,1.12
prelideN,Latvia,106,2768,184,1.09,1.12
Freeman,Hong Kong,728,18573,2146,1.18,1.12
kNgV-,Brazil,795,20744,2373,1.17,1.12
deoxiDE,Australia,136,3439,412,1.19,1.12
GooseBreeder,Canada,156,3830,454,1.18,1.12
Calyx,Turkey,856,22293,2696,1.19,1.12
jOELZ,Finland,247,6433,720,1.17,1.12
liTTle,Russia,458,12159,1550,1.2,1.12
NEOFRAG,Czech Republic,440,11805,1102,1.14,1.12
asap,Australia,189,4896,510,1.15,1.12
cath,Canada,160,3977,405,1.15,1.12
f0rsakeN,Indonesia,104,2684,236,1.13,1.12
Jamppi,Finland,503,13449,1408,1.16,1.12
INS,Australia,868,22077,2384,1.17,1.12
ropz,Estonia,1001,26414,3251,1.2,1.12
wrath,United States,525,13568,1239,1.13,1.12
chelleos,New Zealand,474,12189,1119,1.13,1.12
GuardiaN,Slovakia,1519,39782,4753,1.19,1.11
Twistzz,Canada,1227,32124,3594,1.18,1.11
f0rest,Sweden,1929,49895,5571,1.17,1.11
CigaretteS,Thailand,205,5361,539,1.15,1.11
Luken,Argentina,239,6097,667,1.17,1.11
hades,Poland,424,11431,1413,1.2,1.11
dexter,Australia,868,22253,2293,1.16,1.11
PTC,Thailand,476,12393,1408,1.18,1.11
Brehze,United States,1091,28547,2793,1.15,1.11
CeRq,Bulgaria,1130,29452,3399,1.19,1.11
FpSSS,Russia,102,2720,322,1.19,1.11
ZELIN,Portugal,322,8462,856,1.15,1.11
splashske,Singapore,722,18651,1811,1.15,1.11
poizon,Bulgaria,1041,27621,2906,1.17,1.11
jeyN,France,122,3354,345,1.16,1.11
m1tch,Australia,110,2958,285,1.14,1.11
FREDDyFROG,Sweden,1171,31220,3578,1.18,1.11
ottoNd,Finland,820,21635,2505,1.19,1.11
gxx-,Albania,145,3818,467,1.2,1.11
zorte,Russia,518,13789,1650,1.19,1.11
havoK,India,237,6247,581,1.14,1.11
saveeey,Slovenia,141,3553,312,1.13,1.11
Nivera,Belgium,192,5130,566,1.18,1.11
crazyguy,Vietnam,184,4594,411,1.13,1.11
Infinite,United States,669,17474,1649,1.14,1.11
DeathMakeR,India,105,2717,244,1.13,1.11
wippie,Russia,116,3030,359,1.19,1.11
TenZ,Canada,401,10399,839,1.12,1.1
xeta,Korea,351,8823,918,1.16,1.1
ekul,Australia,428,11069,977,1.13,1.1
HEN1,Brazil,1020,26519,3406,1.22,1.1
Olivia,Thailand,634,16189,1565,1.15,1.1
zEptonL,Denmark,117,3082,261,1.12,1.1
mertz,Denmark,955,25333,2594,1.16,1.1
Izzy,Turkey,113,3003,328,1.17,1.1
Nami,United Arab Emirates,199,5201,476,1.14,1.1
Vexite,Australia,208,5228,434,1.12,1.1
WARDELL,Canada,609,15901,1648,1.17,1.1
swag,United States,556,14447,1629,1.18,1.1
mir,Russia,938,24644,2439,1.15,1.1
Farlig,Denmark,602,16090,1665,1.16,1.1
nawwk,Sweden,756,20188,2261,1.18,1.1
biguzera,Brazil,388,10363,1061,1.16,1.1
xccurate,Indonesia,656,16971,1661,1.15,1.1
h4rn,Bulgaria,404,10718,1206,1.19,1.1
aliStair,Australia,979,24933,2631,1.17,1.1
witz,Philippines,336,8746,931,1.17,1.1
electronic,Russia,1176,31005,2823,1.14,1.1
Zac,Vietnam,130,3264,292,1.13,1.1
dumau,Brazil,300,8000,887,1.18,1.1
Ax1Le,Russia,807,21427,2144,1.16,1.1
mini,Turkey,318,8292,641,1.11,1.1
allu,Finland,1603,41986,4343,1.16,1.1
moose,Canada,752,19559,1975,1.16,1.1
mixwell,Spain,840,21804,1911,1.13,1.09
SNk,Kyrgyzstan,224,5918,503,1.13,1.09
Sonic,South Africa,866,22274,2104,1.15,1.09
syrsoN,Germany,1557,41316,4163,1.16,1.09
mezii,United Kingdom,378,10332,1001,1.15,1.09
oSee,United States,885,22946,2380,1.16,1.09
KQLY,France,250,6394,524,1.12,1.09
cynic,United States,423,10970,1064,1.15,1.09
gas,China,424,11049,705,1.09,1.09
dispenser,Philippines,188,4793,280,1.08,1.09
dennyslaw,Bulgaria,880,23616,2195,1.14,1.09
Remind,Tunisia,101,2685,169,1.09,1.09
GeT_RiGhT,Sweden,1744,45005,4289,1.15,1.09
JUGi,Denmark,935,24296,2659,1.18,1.09
zehN,Finland,1031,27206,2307,1.13,1.09
lollipop21k,Belarus,1046,28053,2279,1.12,1.09
dgt,Uruguay,285,7450,763,1.16,1.09
Cooper,United States,729,18904,1883,1.16,1.09
Magisk,Denmark,1290,33939,3224,1.15,1.09
ZOREE,Finland,1598,42423,4309,1.16,1.09
ryx,United States,491,12856,1181,1.14,1.09
keeyto,Australia,202,5211,442,1.13,1.09
floppy,United States,669,17567,1368,1.12,1.09
ScreaM,Belgium,1430,37087,3105,1.13,1.09
valde,Denmark,1170,31047,2711,1.13,1.09
EliGE,United States,1476,38669,2796,1.11,1.09
BL1TZ,Australia,716,18370,1560,1.13,1.09
minimal,Argentina,122,3231,287,1.14,1.09
k0nfig,Denmark,1418,37477,2415,1.09,1.09
dupreeh,Denmark,1832,47667,4267,1.14,1.09
Hatz,Australia,869,22188,2030,1.14,1.09
NAF,Canada,1437,37717,3614,1.15,1.09
ritchiEE,Belgium,185,4902,403,1.13,1.09
Machinegun,Mongolia,407,10370,680,1.09,1.09
Attacker,China,1175,30177,2576,1.13,1.09
tor1towOw,Peru,160,4111,300,1.11,1.09
nex,Germany,1074,28389,2435,1.13,1.09
s4,Ukraine,139,3696,337,1.15,1.09
PALM1,Sweden,155,4216,226,1.07,1.09
husK,Australia,117,2954,150,1.07,1.09
fer,Brazil,1336,34798,2636,1.11,1.09
Summer,China,1182,30399,2767,1.14,1.08
HaZR,Australia,625,16006,1064,1.1,1.08
Troubley,Germany,266,6808,484,1.1,1.08
trk,Brazil,702,18349,1507,1.13,1.08
Sayf,Sweden,346,9334,684,1.11,1.08
nukkye,Lithuania,592,15492,1330,1.13,1.08
2D,Australia,136,3524,343,1.15,1.08
Spinx,Israel,274,7270,597,1.13,1.08
nython,Brazil,341,9076,786,1.13,1.08
Xeppaa,United States,367,9519,703,1.11,1.08
pz,Australia,287,7473,636,1.13,1.08
sergej,Finland,731,19266,1773,1.14,1.08
exit,Brazil,566,14567,1446,1.16,1.08
REOVA,Turkey,145,3775,331,1.14,1.08
potter,United States,119,2979,225,1.11,1.08
FL1T,Russia,1121,30232,2645,1.13,1.08
PwnAlone,United States,675,17678,1489,1.13,1.08
Savage,China,836,21434,1926,1.14,1.08
felps,Brazil,899,22930,1509,1.09,1.08
DJOXiC,Serbia,489,12531,1204,1.15,1.08
faveN,Germany,1168,31129,2578,1.13,1.08
shox,France,1873,49128,3882,1.12,1.08
keev,Germany,594,15524,1217,1.12,1.08
Detrony,South Africa,400,10133,827,1.13,1.08
Inseaniac,Canada,169,4508,323,1.11,1.08
Impulse,Serbia,663,17556,1450,1.13,1.08
b4rtiN,Brazil,380,9951,835,1.13,1.08
draken,Sweden,1028,27086,2454,1.14,1.08
ShahZaM,United States,966,25252,2058,1.13,1.08
ptr,United States,1113,29154,2761,1.15,1.08
KmZ,United States,194,4991,256,1.07,1.08
MICHU,Poland,1627,42782,2873,1.1,1.08
jayzaR,Sweden,502,13242,889,1.1,1.08
Papichulo,Philippines,330,8596,641,1.11,1.08
dycha,Poland,635,17055,1118,1.1,1.08
CRUC1AL,Netherlands,1306,34181,2665,1.12,1.08
autimatic,United States,1122,29309,2278,1.12,1.08
NaToSaphiX,Denmark,926,24733,2436,1.16,1.08
hardzao,Brazil,468,12274,1087,1.14,1.08
meyern,Argentina,400,10387,680,1.1,1.07
hallzerk,Norway,592,16008,1161,1.11,1.07
KllyVe,Belgium,149,3828,266,1.1,1.07
latto,Brazil,204,5440,448,1.13,1.07
flameZ,Israel,305,8148,508,1.09,1.07
mimi,Denmark,170,4029,261,1.1,1.07
Liazz,Australia,918,23699,2000,1.14,1.07
jks,Australia,1144,29891,2339,1.12,1.07
dapr,United States,594,15426,1002,1.1,1.07
flomaster,Kazakhstan,127,3307,217,1.1,1.07
YEKINDAR,Latvia,988,26237,1299,1.07,1.07
InfrequeNt,Australia,467,12046,944,1.12,1.07
hAdji,France,1006,26535,1902,1.11,1.07
NikoM,Argentina,451,11509,844,1.11,1.07
FalleN,Brazil,1430,37421,3565,1.16,1.07
ayken,Germany,184,4919,296,1.09,1.07
pancc,Brazil,505,13196,814,1.09,1.07
rain,Canada,191,4817,347,1.11,1.07
cqntrl,Brazil,104,2800,182,1.1,1.07
Brollan,Sweden,874,23244,1417,1.09,1.07
joel,Sweden,141,3784,265,1.11,1.07
smike,Ukraine,480,12461,655,1.08,1.07
nicoodoz,Denmark,477,12916,1150,1.14,1.07
paz,Turkey,1053,27610,1997,1.11,1.07
Lucky,Denmark,342,9290,766,1.13,1.07
SideStep,United States,113,2940,213,1.11,1.07
shz,Brazil,775,20098,1493,1.12,1.07
fejtZ,Estonia,733,19457,1322,1.1,1.07
slaxz-,Germany,680,18334,1488,1.13,1.07
EspiranTo,Lithuania,857,22439,1334,1.09,1.07
di^,United States,180,4495,352,1.12,1.07
anarkez,Israel,471,12627,898,1.11,1.07
NikkeZ,Australia,376,9711,581,1.09,1.07
n1ssim,Brazil,119,3161,233,1.11,1.07
xand,Brazil,515,13210,875,1.1,1.07
Rickeh,Australia,860,22524,1989,1.14,1.07
somebody,China,1216,31454,2120,1.1,1.07
QKA,China,399,10332,707,1.1,1.07
downie,Sweden,317,8286,656,1.13,1.07
blackpoisoN,South Africa,295,7528,461,1.09,1.07
Krimbo,Germany,190,5022,357,1.11,1.07
CLASIA,United States,182,4765,318,1.1,1.07
WorldEdit,Russia,1328,34716,2476,1.11,1.07
Hobbit,Kazakhstan,1040,27440,1981,1.11,1.07
boltz,Brazil,1184,30851,2413,1.12,1.07
shroud,Canada,676,17460,1311,1.12,1.07
agM,United States,134,3428,201,1.09,1.07
Pimp,Denmark,976,25052,2016,1.13,1.07
iDISBALANCE,Russia,688,18316,1550,1.14,1.07
Ryxxo,Denmark,731,19178,1488,1.12,1.07
Konvict,South Africa,105,2619,189,1.11,1.07
DD,China,910,23543,1527,1.1,1.07
Jinx,Korea,196,5038,299,1.09,1.07
bLitz,Mongolia,106,2858,116,1.06,1.06
zhokiNg,China,1177,30044,1502,1.07,1.06
vilga,Russia,227,5573,350,1.09,1.06
fame,Russia,314,8454,514,1.09,1.06
JOTA,Brazil,252,6581,454,1.11,1.06
Grim,United States,756,19877,890,1.07,1.06
iGm,Romania,150,3923,160,1.06,1.06
JeXeN,China,125,3111,200,1.1,1.06
Keiti,United States,203,5452,227,1.06,1.06
leaf,United States,254,6523,352,1.08,1.06
V4D1M,Russia,315,8236,604,1.11,1.06
flexeeee,South Africa,173,4333,256,1.09,1.06
DaZeD,United States,170,4518,309,1.1,1.06
Valiance,Australia,518,13346,883,1.1,1.06
acoR,Denmark,1017,26597,1956,1.12,1.06
ofnu,New Zealand,852,21778,1380,1.1,1.06
SHiPZ,Bulgaria,1391,36918,1885,1.07,1.06
AnJ,Denmark,403,10503,763,1.11,1.06
j9,Thailand,114,2879,106,1.05,1.06
Ethan,United States,986,25998,1488,1.09,1.06
tucks,Australia,689,17415,1281,1.11,1.06
juliano,Sweden,252,6104,352,1.09,1.06
Roflko,Australia,214,5531,265,1.07,1.06
sausol,Spain,145,3942,238,1.09,1.06
frei,United Kingdom,256,6660,412,1.09,1.06
TeSeS,Denmark,696,18582,1056,1.08,1.06
olofmeister,Sweden,1506,39348,2774,1.11,1.06
Happy,France,1464,37933,2745,1.11,1.06
Ant1ka,Russia,126,3135,243,1.12,1.06
4pack,United States,228,5904,239,1.06,1.06
Derkeps,Finland,113,2948,86,1.04,1.06
XotiC,United States,267,7032,467,1.1,1.06
L!nKz^,Chile,213,5606,408,1.11,1.06
AE,China,302,7813,294,1.05,1.06
snatchie,Poland,1359,36521,1979,1.08,1.06
koosta,United States,951,25077,1350,1.08,1.06
COLDYY1,Ukraine,947,24917,1718,1.11,1.06
Maka,France,1053,27999,1866,1.1,1.06
JohnOlsen,Thailand,206,5353,261,1.07,1.06
sdy,Ukraine,952,25057,1864,1.12,1.06
nexa,Serbia,1154,30476,2108,1.11,1.06
scoobyxie,Ukraine,237,6341,421,1.1,1.06
Skadoodle,United States,1047,27129,2458,1.15,1.06
flying,China,377,10075,516,1.07,1.06
chawzyyy,Sweden,185,4988,279,1.09,1.06
jL,Lithuania,130,3505,185,1.08,1.06
suNny,Finland,1265,33373,1562,1.07,1.06
B1T,Ukraine,317,8406,524,1.1,1.06
TOR,Thailand,452,11472,657,1.09,1.06
opportunity,United States,129,3464,133,1.05,1.06
chelo,Brazil,787,20340,1110,1.08,1.06
Gratisfaction,New Zealand,882,22943,1687,1.12,1.06
refrezh,Denmark,850,22613,1350,1.09,1.06
SLOWLY,China,454,12031,560,1.07,1.06
Rainwaker,Bulgaria,836,22503,1435,1.1,1.05
Ace,India,134,3350,198,1.09,1.05
crashies,United States,336,8723,459,1.08,1.05
imoRR,Turkey,389,10444,256,1.03,1.05
smooth_criminal22,Australia,290,7396,295,1.06,1.05
Zilkenberg,Mongolia,321,8172,464,1.09,1.05
KEi,Poland,537,14445,535,1.05,1.05
Qikert,Kazakhstan,1145,30242,1969,1.1,1.05
tabseN,Germany,1775,46826,1523,1.05,1.05
lan,China,261,6748,326,1.07,1.05
rallen,Poland,1650,44052,2856,1.1,1.05
ISSAA,Jordan,824,21606,1311,1.09,1.05
atter,Sweden,240,6228,244,1.06,1.05
SaVage,Australia,123,3057,242,1.13,1.05
remix,Brazil,271,7092,374,1.08,1.05
flaw,Australia,139,3488,137,1.06,1.05
Aerial,Finland,854,22612,1179,1.08,1.05
EMUHLEET,United States,175,4405,345,1.13,1.05
KRIMZ,Sweden,1663,43731,2981,1.11,1.05
cajunb,Denmark,1685,44055,2857,1.1,1.05
REDSTAR,Bulgaria,508,13423,908,1.11,1.05
kanii,South Africa,179,4436,207,1.07,1.05
roeJ,Denmark,647,17091,861,1.07,1.05
Marcelious,Norway,393,10692,551,1.08,1.05
nin9,Mongolia,314,8269,555,1.1,1.05
twist,Sweden,1512,39962,2035,1.08,1.05
bottle,China,756,19492,848,1.06,1.05
penny,Canada,228,6019,225,1.05,1.05
mou,Kazakhstan,1467,38924,2475,1.1,1.05
juanflatroo,Albania,374,9963,299,1.04,1.05
Ramz1kBO$$,Kazakhstan,425,11070,553,1.07,1.05
lainNy,Latvia,107,2881,104,1.05,1.05
HZ,China,500,12856,691,1.08,1.05
Westmelon,China,210,5497,189,1.05,1.05
Daveys,Colombia,267,6672,411,1.09,1.05
KHTEX,Brazil,574,14745,967,1.1,1.05
Mr.six,China,244,6220,200,1.04,1.05
Maden,Montenegro,532,14174,491,1.05,1.05
DavCost,Russia,1112,29193,1735,1.09,1.05
Gospadarov,Russia,310,8323,550,1.11,1.05
flusha,Sweden,1792,46987,2770,1.09,1.05
Temperature,United States,118,3034,109,1.05,1.05
Domsterr,South Africa,274,6833,439,1.1,1.05
Blastinho,Spain,120,3197,169,1.08,1.05
JW,Sweden,1879,49346,2349,1.07,1.05
motm,United States,735,19337,870,1.07,1.05
Sys,Indonesia,324,8237,435,1.08,1.05
yay,United States,653,17182,604,1.05,1.05
cadiaN,Denmark,1340,35365,2389,1.11,1.05
3ARK00Z,Jordan,169,4387,144,1.05,1.05
Swahn,United States,250,6516,370,1.09,1.05
Annihilation,Mongolia,184,4928,316,1.1,1.05
jtr,New Zealand,146,3784,164,1.06,1.05
SicK,United States,795,20701,1040,1.07,1.05
NEEX,Poland,429,11195,574,1.08,1.05
zeph,Australia,516,13136,462,1.05,1.05
broky,Latvia,547,14550,1001,1.11,1.05
NyX,Croatia,128,3273,71,1.03,1.05
malbsMd,Guatemala,387,9879,203,1.03,1.05
VAATI,Peru,126,3176,172,1.08,1.05
loWel,Spain,1008,26413,1739,1.1,1.05
Flarich,Latvia,1058,28161,1801,1.1,1.05
reiko,Poland,244,6452,110,1.02,1.05
Sobol,Poland,617,16769,789,1.07,1.05
k1tkat,United Arab Emirates,242,6302,202,1.05,1.05
kajsk1ng,Netherlands,153,3988,95,1.03,1.05
zemp,Australia,178,4640,121,1.04,1.05
Zellsis,United States,626,16210,803,1.07,1.05
kabal,Mongolia,714,18733,1037,1.08,1.05
BRUNO,Peru,134,3325,44,1.02,1.05
SandeN,Denmark,328,8560,355,1.06,1.05
jackhan,China,275,7075,300,1.06,1.05
FiReMaNNN,Chile,140,3703,120,1.05,1.05
christo,Argentina,142,3747,160,1.06,1.05
rommi,Russia,516,13467,604,1.06,1.05
PANIX,Germany,197,5188,234,1.07,1.05
nqz,Brazil,117,3046,193,1.1,1.05
buster,Kazakhstan,1151,30386,2016,1.11,1.04
aumaN,China,843,21616,1204,1.08,1.04
raafa,Brazil,605,15881,1010,1.1,1.04
STOMP,Poland,771,20635,1317,1.1,1.04
MarKE,Mexico,795,20430,1105,1.08,1.04
n0rb3r7,Russia,867,23264,671,1.04,1.04
Kjaerbye,Denmark,1519,39947,2110,1.08,1.04
Lucky,France,989,26323,1447,1.09,1.04
fnx,Brazil,605,15482,852,1.08,1.04
malta,Australia,910,23211,1301,1.09,1.04
Aunkere,Russia,290,7533,262,1.05,1.04
stavn,Denmark,989,26338,1131,1.06,1.04
DubsteP,Philippines,189,4824,232,1.07,1.04
smiley,Kazakhstan,301,8122,482,1.09,1.04
mawth,Brazil,222,5774,218,1.06,1.04
iM,Romania,561,14978,449,1.04,1.04
oliff,Australia,120,3121,99,1.05,1.04
PureR,United States,171,4471,98,1.03,1.04
Geniuss,Thailand,396,10099,326,1.05,1.04
zewsy,New Zealand,618,15666,667,1.06,1.04
Reality,Thailand,365,9318,475,1.08,1.04
Chuti,Mexico,134,3524,104,1.04,1.04
Bubzkji,Denmark,796,21077,994,1.07,1.04
kobruh,United States,239,6319,199,1.05,1.04
Bwills,United States,567,14711,633,1.06,1.04
sjuush,Denmark,690,18199,908,1.08,1.04
Snakes,United States,403,10328,461,1.07,1.04
Hiko,United States,937,24398,1532,1.1,1.04
Kntz,Thailand,467,12011,641,1.08,1.04
takbok,South Africa,148,3700,228,1.1,1.04
deStiny,Australia,262,6778,94,1.02,1.04
Snax,Poland,2024,53382,2703,1.08,1.04
shadow,Sweden,199,5204,300,1.09,1.04
buue,Israel,152,4015,156,1.06,1.04
HSK,Korea,540,13851,845,1.1,1.04
KAB0M,Sweden,235,6154,320,1.08,1.04
IyeN,Australia,352,9102,239,1.04,1.04
desh,Brazil,109,2862,114,1.06,1.04
oBo,United States,338,9084,370,1.06,1.04
rigoN,Switzerland,182,4825,49,1.01,1.04
sam_A,Colombia,250,6314,263,1.06,1.04
eraa,Sweden,346,9384,406,1.06,1.04
L0NER,United States,169,4235,175,1.06,1.04
Delpan,Sweden,154,3996,146,1.05,1.04
ANDROID,Canada,835,21741,1036,1.07,1.04
DiMKE,Serbia,532,13913,536,1.06,1.04
LOVEYY,China,708,17977,699,1.06,1.04
JUST,Portugal,686,18088,719,1.06,1.04
stax,Korea,243,6188,318,1.08,1.04
dEE,Serbia,392,10335,493,1.07,1.04
Dodz,Estonia,158,4055,110,1.04,1.04
COLON,Denmark,130,3318,92,1.04,1.04
JonY BoY,Argentina,414,10643,414,1.06,1.04
points,Colombia,161,3999,148,1.05,1.04
land1n,Brazil,728,19045,1160,1.1,1.04
PLAYER1,Canada,148,3886,166,1.06,1.04
dobu,Mongolia,719,18826,646,1.05,1.04
4sh0t,United States,144,3742,191,1.08,1.03
tconnors,United States,195,5080,235,1.07,1.03
Davidp,Belgium,774,20539,1009,1.08,1.03
tb,China,619,15737,708,1.07,1.03
emilio,Sweden,152,3887,121,1.05,1.03
tarik,United States,1429,37112,1323,1.05,1.03
Zyphon,Denmark,185,4874,197,1.06,1.03
jkaem,Norway,1166,30745,837,1.04,1.03
Relaxa,Sweden,1169,31162,2001,1.11,1.03
rAge,Ukraine,380,10128,685,1.11,1.03
shushan,Israel,110,2916,115,1.06,1.03
afro,France,356,9422,408,1.07,1.03
juho,Finland,750,19740,298,1.02,1.03
waffe,Australia,213,5440,197,1.05,1.03
Patsi,Russia,407,10936,314,1.04,1.03
kressy,Germany,1045,27972,1243,1.07,1.03
Plopski,Sweden,864,22976,971,1.06,1.03
captainMo,China,802,20665,677,1.05,1.03
NK4Y,Bulgaria,480,12325,429,1.05,1.03
Excali,India,138,3439,140,1.06,1.03
sLowi,Finland,1032,27708,978,1.05,1.03
Blytz,Romania,163,4245,77,1.03,1.03
WolfY,United States,321,8491,425,1.08,1.03
Subroza,Canada,623,16275,375,1.03,1.03
dipparn,Sweden,191,5044,192,1.06,1.03
Szejn,Poland,387,10427,214,1.03,1.03
zedzke,Australia,136,3443,125,1.05,1.03
LEEROY,Chile,253,6585,147,1.03,1.03
DaY,Norway,113,2909,105,1.05,1.03
Maluk3,Brazil,878,22846,1127,1.08,1.03
USTILO,Australia,1016,26203,748,1.04,1.03
HECTOz,Denmark,354,9307,291,1.05,1.03
Xyp9x,Denmark,1805,46938,2672,1.09,1.03
LoWkii,France,114,2991,77,1.04,1.03
phzy,Sweden,299,8011,450,1.09,1.03
flamie,Russia,1500,39559,1497,1.06,1.03
yam,Australia,547,14003,650,1.07,1.03
AiyvaN,Ukraine,692,18003,613,1.05,1.03
c0llins,Serbia,187,4917,135,1.04,1.03
snedker,Denmark,271,7016,359,1.08,1.03
sperr,Estonia,199,5114,141,1.04,1.03
KalubeR,Bulgaria,221,5772,207,1.05,1.03
alex,Spain,1141,30223,1276,1.06,1.03
Krad,Russia,913,24324,684,1.04,1.03
rain,Norway,1467,38773,847,1.03,1.03
znajder,Sweden,1050,27577,1070,1.06,1.03
RIKO,United States,399,10376,181,1.02,1.03
DEV7L,Czech Republic,549,14256,582,1.06,1.03
Dirty,United States,209,5589,149,1.04,1.03
REZ,Sweden,1193,31447,1064,1.05,1.03
fl0m,United States,598,15822,619,1.06,1.03
kise,Russia,185,4946,214,1.07,1.03
Missa,France,108,2738,118,1.07,1.03
Franke19,China,170,4384,93,1.03,1.03
BORKUM,Philippines,232,5904,163,1.04,1.03
Ayrez,Australia,112,2948,-30,0.99,1.03
moxie,Singapore,323,8190,441,1.09,1.03
massacRe,South Africa,116,2986,94,1.05,1.03
niko,Denmark,1148,30315,1125,1.06,1.03
Patitek,Poland,377,9918,178,1.03,1.03
versa,Australia,256,6556,214,1.05,1.03
Boaster,United Kingdom,147,3865,119,1.05,1.03
stfN,Germany,1270,33754,1357,1.06,1.03
kolor,Hungary,538,14071,343,1.04,1.03
ap0c,Australia,789,20225,531,1.04,1.03
ADDICT,New Zealand,178,4587,163,1.06,1.03
tensai,Australia,189,4857,51,1.01,1.03
Andyy,Germany,256,6715,331,1.08,1.03
rochet,Chile,199,5167,152,1.04,1.03
es3tag,Denmark,1180,30935,1023,1.05,1.03
dennis,Sweden,1546,41068,1156,1.04,1.03
shuadapai,China,549,14214,492,1.05,1.03
aizy,Denmark,1558,41047,1171,1.04,1.03
khobra,Sweden,156,4102,112,1.04,1.03
FrostMisty,Indonesia,376,9498,411,1.07,1.03
Thomas,United Kingdom,824,21882,701,1.05,1.03
KENSI,Russia,301,8102,391,1.08,1.03
Markoś,Poland,591,15848,802,1.08,1.03
food,United States,456,11711,380,1.05,1.03
mouz,Poland,1605,42632,1817,1.07,1.03
DannyG,Australia,307,7874,205,1.04,1.03
kaiG,Brazil,467,12275,410,1.05,1.03
Niffy,Thailand,329,8451,285,1.05,1.03
junior,United States,298,7818,463,1.1,1.03
laser,Kazakhstan,106,2800,59,1.03,1.02
pashaBiceps,Poland,1592,41228,1019,1.04,1.02
mindfreak,Indonesia,127,3271,70,1.03,1.02
hoody,Finland,575,15453,402,1.04,1.02
fdeN,United States,105,2741,104,1.06,1.02
bondik,Ukraine,1420,37328,1525,1.06,1.02
CyberFocus,Belarus,491,12779,320,1.04,1.02
LyGHT,Germany,225,5921,133,1.03,1.02
iDk,Brazil,791,20600,615,1.04,1.02
NIO,Slovakia,128,3467,158,1.07,1.02
v1c7oR,Bulgaria,1772,46172,1306,1.04,1.02
F1KU,Poland,446,12140,234,1.03,1.02
apEX,France,1837,48128,881,1.03,1.02
AmaNEk,France,964,25859,1127,1.07,1.02
LuL4,Brazil,106,2798,35,1.02,1.02
NBK-,France,2025,52921,1398,1.04,1.02
Proxure,Chile,150,3985,42,1.01,1.02
HS,Estonia,1032,27632,431,1.02,1.02
RMN,Brazil,317,8243,186,1.03,1.02
max,Uruguay,420,11037,370,1.05,1.02
shalfey,Russia,175,4663,196,1.06,1.02
dukeN,Brazil,218,5588,126,1.03,1.02
stadodo,Portugal,587,15455,605,1.06,1.02
Kylar,Poland,501,13521,399,1.04,1.02
NENO,Macedonia,623,16084,638,1.06,1.02
DeStiNy,Brazil,945,24447,447,1.03,1.02
disco doplan,Sweden,1199,31788,1129,1.05,1.02
RCF,Brazil,602,15787,452,1.04,1.02
dragonfly,Denmark,507,13234,502,1.06,1.02
prd,Brazil,162,4195,139,1.05,1.02
Zero,Slovakia,865,22899,1050,1.07,1.02
Derek,Philippines,218,5688,137,1.04,1.02
jdm64,United States,823,21321,825,1.06,1.02
MaLLby,Brazil,155,4177,124,1.04,1.02
Lack1,Kazakhstan,663,17821,377,1.03,1.02
MonttY,Slovakia,522,13451,338,1.04,1.02
Polt,Russia,396,10414,434,1.06,1.02
FANAT ROCKA,Russia,465,12150,453,1.06,1.02
Nico,Denmark,399,10074,547,1.09,1.02
peri,Korea,107,2702,113,1.06,1.02
moojuice,Australia,129,3294,92,1.04,1.02
peqexino,Argentina,115,3018,130,1.07,1.02
qqGOD,Thailand,584,15180,280,1.03,1.02
queztone,Slovakia,674,17614,261,1.02,1.02
MoeycQ,Australia,613,15920,410,1.04,1.02
yel,Brazil,917,23734,1084,1.07,1.02
STOVVE,Finland,156,4093,59,1.02,1.02
cxzi,United States,268,6988,35,1.01,1.02
Spongey,United States,612,15901,772,1.08,1.02
Fearoth,France,184,4867,154,1.05,1.02
nero,United States,170,4283,72,1.02,1.02
Svedjehed,Sweden,299,8099,241,1.04,1.02
fleav,Hungary,511,13423,179,1.02,1.02
1962,Argentina,510,13220,84,1.01,1.02
Forester,Russia,953,25359,696,1.04,1.02
TENZKI,Denmark,1469,38637,1372,1.05,1.02
Dallas,Canada,186,4849,76,1.02,1.02
spaze,Russia,536,14068,87,1.01,1.02
jR,Ukraine,836,22333,752,1.05,1.02
tabz,Sweden,305,8191,220,1.04,1.02
Monster,China,200,5329,134,1.04,1.02
b0RUP,Denmark,1233,32581,537,1.02,1.02
Ace,United States,456,11866,570,1.08,1.02
Spargo,Finland,307,8238,150,1.03,1.02
Lekr0,Sweden,1148,30537,808,1.04,1.02
Blogg1s,Czech Republic,117,3211,43,1.02,1.02
dimasick,Kazakhstan,585,15322,447,1.04,1.02
Jyo,Estonia,997,26785,920,1.05,1.02
fox,Portugal,1048,27373,540,1.03,1.02
ROBO,Belarus,667,17746,628,1.05,1.02
steel,Canada,617,16290,261,1.02,1.02
FaNg,Canada,440,11422,239,1.03,1.02
xfl0ud,Turkey,121,3233,49,1.02,1.02
fr0slev,Denmark,602,15734,456,1.04,1.02
LETN1,Serbia,1111,28880,1164,1.06,1.02
pava,Brazil,173,4364,134,1.05,1.02
mar,Bulgaria,589,15597,293,1.03,1.02
JDC,Germany,326,8568,131,1.02,1.02
Luzuh,United Kingdom,297,7752,276,1.05,1.02
EasTor,Spain,434,11506,359,1.05,1.02
n0thing,United States,813,21021,484,1.03,1.02
Rackem,Australia,145,3715,47,1.02,1.02
SELLTER,Russia,103,2759,64,1.03,1.02
ztk,Norway,171,4479,123,1.04,1.02
SKYTTEN,Sweden,382,10157,328,1.05,1.02
Mystic,Norway,212,5447,-24,0.99,1.02
roseau,Indonesia,412,10376,119,1.02,1.02
nephh,Singapore,174,4672,-4,1,1.02
cardiac,Canada,160,4035,130,1.05,1.02
roca,United States,660,17324,195,1.02,1.02
TONI,Germany,111,2918,12,1.01,1.02
bld,Brazil,328,8579,126,1.02,1.02
spaz,Belarus,250,6612,111,1.02,1.02
Koshak,Russia,290,7655,125,1.02,1.02
ayaya,China,447,11276,169,1.02,1.02
Swisher,United States,388,10164,174,1.02,1.02
c4Lypso,Canada,128,3271,25,1.01,1.02
arT,Brazil,884,22981,249,1.02,1.02
chrisJ,Netherlands,1724,45322,1110,1.04,1.02
flickz,Australia,461,11606,357,1.05,1.02
dangle,United States,134,3494,41,1.02,1.01
leo_drk,Brazil,510,13022,138,1.02,1.01
hampus,Sweden,1217,32463,317,1.01,1.01
aproto,United States,383,10053,85,1.01,1.01
Stewie2K,United States,1412,36892,566,1.02,1.01
spyleadeR,Bulgaria,891,23002,163,1.01,1.01
bedonka,Australia,379,9815,123,1.02,1.01
ChildKing,China,116,3072,45,1.02,1.01
darti,Sweden,305,7931,160,1.03,1.01
NOPEEJ,Portugal,294,7817,258,1.05,1.01
Tuurtle,Brazil,556,14708,230,1.02,1.01
Voltage,United States,420,10848,509,1.08,1.01
Goofy,Poland,914,24750,210,1.01,1.01
Crityourface,Poland,225,5968,159,1.04,1.01
FASHR,Netherlands,457,12007,108,1.01,1.01
vhz,Brazil,165,4259,59,1.02,1.01
deco,Argentina,265,7092,133,1.03,1.01
byali,Poland,1800,47209,1339,1.04,1.01
jedqr,Poland,623,16923,449,1.04,1.01
Nille,Denmark,177,4369,113,1.04,1.01
MRN1,Argentina,145,3896,-36,0.99,1.01
SHOCK,Czech Republic,467,12562,361,1.04,1.01
rAW,Latvia,100,2618,19,1.01,1.01
KStaar,Australia,162,4207,183,1.07,1.01
desi,United States,430,10986,99,1.01,1.01
333ed2k,China,198,5012,30,1.01,1.01
reatz,Poland,1406,37757,808,1.03,1.01
NOFEAR,Hungary,132,3432,77,1.03,1.01
Nodios,Denmark,650,17405,469,1.04,1.01
HUGHMUNGUS,Australia,719,18584,453,1.04,1.01
Tio,Chile,232,6076,239,1.06,1.01
GruBy,Poland,1558,41368,687,1.02,1.01
just9n,United States,236,6213,82,1.02,1.01
kreaz,Sweden,501,13263,379,1.04,1.01
Maikelele,Sweden,1067,28134,945,1.05,1.01
mitch,United States,807,20719,632,1.05,1.01
tiburci0,Brazil,362,9487,412,1.07,1.01
oKKo,Czech Republic,121,3118,0,1,1.01
HackeM,South Africa,106,2733,90,1.05,1.01
mirbit,Germany,857,22933,977,1.07,1.01
xCeeD,United States,311,8089,116,1.02,1.01
rilax,Netherlands,289,7713,172,1.03,1.01
Noobster,Australia,496,12790,203,1.02,1.01
notaN,Denmark,243,6456,69,1.02,1.01
tatazin,Brazil,730,19147,913,1.08,1.01
gump,Australia,156,4134,98,1.04,1.01
battery,Canada,106,2846,50,1.03,1.01
stonde,Finland,219,5665,198,1.06,1.01
Lucaozy,Brazil,304,8176,220,1.04,1.01
PlesseN,Sweden,1088,29117,134,1.01,1.01
Viva,China,581,15407,458,1.05,1.01
TRAVIS,Russia,301,7917,97,1.02,1.01
bubble,Bulgaria,1923,50230,1596,1.05,1.01
ckay,Denmark,101,2724,24,1.01,1.01
delboNi,Brazil,447,11520,227,1.03,1.01
byr9,Ukraine,137,3651,37,1.01,1.01
tweiss,United States,323,8583,8,1,1.01
pan1K,Australia,325,8476,43,1.01,1.01
cENTRYZ,Norway,162,4221,131,1.05,1.01
MAKKA,United States,240,6369,136,1.03,1.01
Butters,Lithuania,242,6193,45,1.01,1.01
sutecas,Brazil,116,3068,36,1.02,1.01
nJ,Romania,132,3372,28,1.01,1.01
Friis,Denmark,938,24254,747,1.05,1.01
dazzLe,United States,690,17971,-8,1,1.01
MINISE,Poland,1794,47820,711,1.02,1.01
Spitfire,Sweden,212,5599,78,1.02,1.01
Tsogoo,Mongolia,458,11694,170,1.02,1.01
rate,Mongolia,241,6311,78,1.02,1.01
kalinka,Lithuania,855,22891,157,1.01,1.01
obj,Portugal,377,9916,348,1.06,1.01
Jinxx,Australia,400,10511,283,1.04,1.01
hiji,Russia,143,3735,66,1.03,1.01
to1nou,Belgium,850,22377,520,1.04,1.01
Kas9k,Russia,137,3670,87,1.04,1.01
DickStacy,Australia,624,15708,346,1.03,1.01
innocent,Poland,1599,42011,621,1.02,1.01
rtA,Denmark,222,5793,149,1.04,1.01
kioShiMa,France,1494,39222,1293,1.05,1.01
DESPE,Turkey,468,12127,320,1.04,1.01
kamil,Poland,227,5987,-98,0.98,1.01
j3kie,Ukraine,114,2983,10,1,1.01
speed4k,Russia,766,20555,569,1.04,1.01
grux,Sweden,349,9303,152,1.02,1.01
HexT,Canada,261,6899,63,1.01,1.01
FugLy,United States,1083,28153,621,1.03,1.01
emagine,Australia,751,18931,487,1.04,1.01
813,China,156,3937,-4,1,1.01
Nifty,United States,865,22686,310,1.02,1.01
RaZ,New Zealand,338,8686,96,1.02,1.01
SZPERO,Poland,1864,49189,1082,1.03,1.01
shokz,Estonia,412,10972,112,1.02,1.01
DeathZz,Spain,359,9627,151,1.02,1.01
Stevie,China,158,4111,-9,1,1.01
nitr0,United States,1323,34476,676,1.03,1
SasuKe,Turkey,314,8227,-32,0.99,1
weber,United Kingdom,243,6254,114,1.03,1
LeoGOD,Brazil,243,6383,74,1.02,1
Ayeon,China,126,3218,-9,1,1
Pechyn,Czech Republic,124,3307,30,1.01,1
Doom,Australia,148,3845,-54,0.98,1
pounh,Lithuania,401,10552,91,1.01,1
mikeS,Netherlands,306,8077,183,1.04,1
adrnking,Indonesia,111,2898,40,1.02,1
zqkS,Brazil,683,17600,616,1.06,1
JonahP,Canada,236,6098,10,1,1
abr,Brazil,167,4349,51,1.02,1
b0denmaster,Sweden,377,10110,170,1.03,1
SP1NT,Russia,150,4007,39,1.01,1
veta,Thailand,261,6593,115,1.03,1
rooRoooo,United States,149,3752,-36,0.99,1
lukjjE,Lithuania,285,7451,144,1.03,1
truth,Norway,426,11400,109,1.01,1
realziN,Brazil,455,11941,195,1.02,1
ShoT_UP,United States,183,4934,-17,1,1
mOkEn,Sweden,139,3617,89,1.04,1
dsr,Canada,212,5438,6,1,1
Relyks,United States,832,21258,161,1.01,1
raalz,Denmark,703,18926,124,1.01,1
REFLEX,Finland,307,7807,119,1.02,1
tricky,Russia,261,6839,111,1.02,1
Carcass,Lithuania,223,5736,29,1.01,1
Andkilde,Denmark,145,3672,47,1.02,1
fenvicious,Russia,729,19059,141,1.01,1
curry,United States,258,6792,-44,0.99,1
Djoko,France,268,6973,43,1.01,1
R0b3n,Latvia,525,13824,246,1.03,1
knight,Brazil,121,3200,7,1,1
mch,Brazil,352,9046,300,1.05,1
glace,Denmark,589,15307,366,1.04,1
Whindanski,United Kingdom,131,3369,32,1.01,1
Oderus,United States,473,12356,-52,0.99,1
almazer,Russia,1268,34119,623,1.03,1
Meddo,Sweden,151,3901,106,1.04,1
1uke,Russia,623,16179,223,1.02,1
DaneJoris,United States,193,4993,36,1.01,1
Edward,Ukraine,1473,38787,689,1.03,1
ableJ,Brazil,372,9544,299,1.05,1
dzt,Brazil,665,17229,169,1.01,1
Straka,Argentina,315,7959,-10,1,1
kenzor,Ukraine,596,15585,70,1.01,1
reversive,Argentina,547,14267,222,1.02,1
ImpressioN,Singapore,614,15862,93,1.01,1
bnwGiggs,Thailand,355,9111,-41,0.99,1
k1Ng0r,Serbia,358,9126,56,1.01,1
LATINOBOMBEN,Denmark,119,3129,-20,0.99,1
ALLE,Brazil,302,7966,85,1.02,1
jitter,United States,163,4314,-26,0.99,1
supra,Estonia,501,13473,85,1.01,1
hazed,United States,736,19138,-81,0.99,1
dOBRIY,Belarus,203,5323,46,1.01,1
waterfaLLZ,Russia,789,20704,110,1.01,1
Wolffe,United States,144,3888,32,1.01,1
cbbk,Thailand,404,10342,163,1.02,1
RoLEX,Thailand,490,12554,37,1,1
KILLDREAM,Portugal,429,11159,-16,1,1
xiaosaGe,China,835,22018,18,1,1
HEAP,Sweden,208,5664,45,1.01,1
wizard,Australia,260,6628,30,1.01,1
Basso,Denmark,582,15218,265,1.03,1
hyskeee,Latvia,177,4556,127,1.04,1
zeff,Korea,482,12229,54,1.01,1
thamlike,Denmark,170,4538,124,1.04,1
alter,United States,274,7211,-62,0.99,1
mds,Belarus,1083,28961,475,1.02,1
mopoz,Spain,984,26150,-15,1,1
cromen,Norway,653,17335,67,1.01,1
adreN,United States,697,18241,380,1.03,1
AaroN,United Kingdom,142,3698,-8,1,1
MODDII,Sweden,1169,30527,408,1.02,1
void,Australia,437,11368,127,1.02,1
pyth,Sweden,756,19801,-5,1,1
rezex,Denmark,279,7325,50,1.01,1
uli,Finland,434,11524,154,1.02,1
Noktse,Argentina,683,17834,253,1.02,1
s1natoRRR,Russia,183,4885,-30,0.99,1
cam,United States,544,13974,169,1.02,1
Cabbi,Denmark,297,7888,-83,0.99,1
Jerry,Russia,1353,36398,409,1.02,1
ALEX,United Kingdom,1040,27531,-248,0.99,1
peet,Poland,379,9993,97,1.01,1
Sound,Korea,150,3886,48,1.02,1
pecks,Australia,389,9930,162,1.03,1
maektig,Sweden,144,3787,28,1.01,1
alexsomfan,Denmark,133,3566,30,1.01,1
Liki,Australia,245,6195,132,1.03,1
elemeNt,Chile,151,3978,12,1,1
hudzG,United Kingdom,103,2528,19,1.01,1
xseveN,Finland,1186,31298,297,1.01,1
JaCkz,France,951,25144,28,1,1
vice,United States,493,12707,128,1.01,1
Bååten,Sweden,738,19661,39,1,1
Not7,China,204,5245,74,1.02,1
Retrac,Philippines,134,3398,47,1.02,1
SIXER,France,966,25460,737,1.05,1
xelos,Sweden,419,11082,28,1,1
STYKO,Slovakia,1389,36601,314,1.01,1
freakazoid,United States,868,22265,18,1,1
jcrueL,United States,263,6581,20,1,1
Turismo,United States,102,2642,-52,0.97,0.99
robiin,Sweden,1387,37041,-63,1,0.99
ec1s,United Kingdom,213,5437,43,1.01,0.99
zockie,Peru,118,2976,-34,0.98,0.99
freddieb,Sweden,1135,30119,180,1.01,0.99
SEMPHIS,Canada,848,21936,-33,1,0.99
dephh,United Kingdom,768,20106,-232,0.98,0.99
Celrate,Denmark,361,9660,57,1.01,0.99
J1rah,Australia,654,16907,121,1.01,0.99
YDNA,Australia,435,11265,103,1.01,0.99
JIaYm,Russia,481,13033,-234,0.98,0.99
gMd,Canada,464,12098,-47,0.99,0.99
artStar,United States,160,4027,58,1.02,0.99
Sf,France,183,4741,21,1.01,0.99
markeloff,Ukraine,1143,29624,488,1.03,0.99
pauf,Sweden,270,6957,93,1.02,0.99
siuhy,Poland,358,9686,-108,0.98,0.99
ragga,Romania,220,5932,-32,0.99,0.99
mole,United Kingdom,103,2721,45,1.03,0.99
1mpala,Ukraine,150,3858,-53,0.98,0.99
KUN,Argentina,146,3849,-16,0.99,0.99
Puls3,United Kingdom,436,11572,74,1.01,0.99
gla1ve,Denmark,1534,40250,433,1.02,0.99
Barcode,Hungary,344,9007,-131,0.98,0.99
isak,Sweden,370,9995,51,1.01,0.99
neptune,United States,498,13218,-23,1,0.99
akz,Chile,166,4335,22,1.01,0.99
Furlan,Poland,1951,51887,-261,0.99,0.99
doktizh,Denmark,250,6526,41,1.01,0.99
rbz,Australia,647,16903,138,1.01,0.99
BENDJI,Sweden,878,23318,137,1.01,0.99
Daffu,Denmark,441,11757,100,1.01,0.99
EIZA,Latvia,105,2970,31,1.02,0.99
kory,Hungary,371,9893,-80,0.99,0.99
l0gicman,Turkey,269,7312,56,1.01,0.99
azizz,Poland,208,5493,-46,0.99,0.99
sXe,Romania,554,14330,-14,1,0.99
jaxi,Romania,472,12125,183,1.02,0.99
s0m,United States,358,9528,28,1,0.99
gade,Denmark,900,23655,-48,1,0.99
bitchiR,Estonia,159,4086,76,1.03,0.99
zNf,United States,253,6613,12,1,0.99
BARBARR,Sweden,876,23180,-20,1,0.99
ToM223,Poland,362,9591,59,1.01,0.99
Jackinho,Sweden,135,3652,10,1,0.99
fra,Brazil,109,2804,33,1.02,0.99
kalle,Norway,288,7551,22,1,0.99
MUTiRiS,Portugal,1032,26947,30,1,0.99
PPOverdose,Thailand,292,7518,-106,0.98,0.99
pwny,United States,103,2669,-27,0.99,0.99
solo,Korea,369,9364,90,1.01,0.99
clax,Russia,271,7149,32,1.01,0.99
Dima,Russia,1310,34466,-527,0.98,0.99
ANGE1,Ukraine,1728,45027,-685,0.98,0.99
doto,Finland,595,15903,-42,1,0.99
kaboose,United States,549,14235,-305,0.97,0.99
L1NK,United Kingdom,211,5470,13,1,0.99
Hunter,United States,342,8953,39,1.01,0.99
ZEN,Hungary,182,4731,-7,1,0.99
st^,Sweden,127,3268,-32,0.99,0.99
Dosia,Russia,1422,37292,330,1.01,0.99
Drone,United States,454,11841,-168,0.98,0.99
jnt,Brazil,547,13981,241,1.03,0.99
fnyekes,Belarus,315,8217,-78,0.99,0.99
Leomonster,Brazil,162,4257,-112,0.96,0.99
Lacore,Serbia,149,3809,-21,0.99,0.99
facecrack,Russia,1599,42609,-698,0.98,0.99
magixx,Russia,511,13568,169,1.02,0.99
CHRiSOAOW,Australia,255,6428,-6,1,0.99
PEARSS,Australia,139,3586,-21,0.99,0.99
vanity,United States,609,15688,80,1.01,0.99
morelz,Poland,1020,27108,-247,0.99,0.99
maxcel,Brazil,162,4311,90,1.03,0.99
VINI,Brazil,879,22908,-115,0.99,0.99
rox,Argentina,146,3733,9,1,0.99
kaz,Mongolia,144,3821,-36,0.99,0.99
fitch,Kazakhstan,574,15207,-210,0.98,0.99
prt,Brazil,638,16646,22,1,0.99
ZEDKO,Czech Republic,889,23506,60,1,0.99
missharvey,Canada,133,3282,-10,1,0.99
AZR,Australia,1078,28124,-137,0.99,0.99
NEUZ,Mongolia,193,5083,-117,0.97,0.99
Aikas,Lithuania,141,3615,12,1.01,0.99
k1to,Germany,1089,29017,-359,0.98,0.99
Sideny,China,192,4950,-58,0.98,0.99
SAGGERTON,Finland,540,14097,-231,0.98,0.99
NickelBack,Russia,1137,30288,149,1.01,0.99
Jonji,Canada,932,23932,-358,0.98,0.99
robby,United States,297,7563,-16,1,0.99
S3NSEY,Austria,144,3885,0,1,0.99
larsen,Denmark,419,10985,81,1.01,0.99
Lukki,Denmark,893,23437,-9,1,0.99
tudsoN,Poland,223,5888,4,1,0.99
spellfull,Kazakhstan,130,3499,133,1.06,0.99
Vegi,Poland,673,18379,-260,0.98,0.99
QuQu,China,108,2778,-23,0.99,0.99
ryotzz,Brazil,447,11613,-154,0.98,0.99
dukefissura,Kazakhstan,204,5462,-101,0.97,0.99
glowiing,Russia,296,7770,-145,0.97,0.99
capseN,Czech Republic,148,3973,25,1.01,0.99
DAVEY,Canada,800,20694,-283,0.98,0.99
Porya,Russia,121,3226,8,1,0.98
Boombl4,Russia,976,25865,-262,0.99,0.98
AZK,Canada,282,7420,-1,1,0.98
Perfecto,Russia,580,15304,312,1.03,0.98
s1,Brazil,164,4194,-79,0.97,0.98
Rustun,United States,113,2941,-41,0.98,0.98
TMB,Denmark,514,13694,-103,0.99,0.98
krii,Latvia,387,10223,-30,1,0.98
AdreN,Kazakhstan,1745,45903,-175,0.99,0.98
slap,Sweden,279,7041,-98,0.98,0.98
stellar,United States,427,10968,26,1,0.98
Xizt,Sweden,1665,42830,507,1.02,0.98
no_one,United States,343,8859,-115,0.98,0.98
CaNNiE,Czech Republic,222,5830,-45,0.99,0.98
RUBINO,Norway,998,26140,-170,0.99,0.98
k1Nky,Mexico,265,6829,-129,0.97,0.98
badger,Australia,198,5056,3,1,0.98
C0M,United States,132,3584,-47,0.98,0.98
bew,United States,376,10079,-57,0.99,0.98
kwezz,Denmark,409,10951,-86,0.99,0.98
Gringo,France,156,4156,-107,0.96,0.98
Mann3n,Sweden,220,5888,-152,0.96,0.98
smn,Germany,165,4200,-85,0.97,0.98
rindA,Korea,194,4999,-12,1,0.98
bodyy,France,1106,29187,-223,0.99,0.98
WOOD7,Brazil,388,10197,170,1.03,0.98
ryann,United States,697,17857,-269,0.98,0.98
J0LZ,Canada,222,5846,-70,0.98,0.98
Zix,Bulgaria,400,10329,-166,0.98,0.98
BIT,Brazil,653,16815,130,1.01,0.98
michi,Poland,137,3639,-16,0.99,0.98
bq,Sweden,348,9412,-164,0.98,0.98
SHOOWTiME,Brazil,900,23210,-168,0.99,0.98
JA,Philippines,117,3000,-43,0.98,0.98
DeadFox,Hungary,807,21060,-54,1,0.98
Sergiz,Ukraine,423,11218,130,1.02,0.98
PAINT,Norway,184,4925,-68,0.98,0.98
GII,Philippines,152,3815,-70,0.97,0.98
zende,Sweden,397,10444,-1,1,0.98
PetitSkel,France,337,8661,-12,1,0.98
Kaotik,Australia,141,3712,-163,0.94,0.98
Remoy,Denmark,310,8241,-71,0.99,0.98
Supreme,China,120,3100,-48,0.98,0.98
pzK!D,Malaysia,184,4845,-64,0.98,0.98
chuch,Australia,305,7824,-62,0.99,0.98
Lakia,Korea,161,4129,-81,0.97,0.98
NEY,Hungary,203,5271,-94,0.97,0.98
tabac0,Denmark,229,5938,-18,1,0.98
niki1,Bulgaria,993,25866,-237,0.99,0.98
anger,United States,682,17700,-229,0.98,0.98
Leo,Russia,197,5135,9,1,0.98
Llamas,Australia,451,11530,-25,1,0.98
Stev0se,Belgium,222,5829,-63,0.98,0.98
fAst,Belarus,184,4931,-152,0.96,0.98
cad,Brazil,126,3242,-58,0.97,0.98
fostar,Ukraine,144,3813,-2,1,0.98
will,Canada,119,3083,-53,0.98,0.98
piriaz1n,Brazil,170,4567,-70,0.98,0.98
ScRm,Portugal,140,3611,-7,1,0.98
rmn,Portugal,926,24184,-192,0.99,0.98
HenkkyG,Slovakia,316,8336,-115,0.98,0.98
tifa,Brazil,407,10476,-109,0.98,0.98
krudeN,Australia,278,7301,-131,0.97,0.98
skullz,Brazil,235,6215,-31,0.99,0.98
Fessor,Denmark,154,4130,-61,0.98,0.98
donQ,Spain,344,8975,-13,1,0.98
SADZED,Belarus,246,6400,4,1,0.98
e1,Turkey,137,3487,-62,0.98,0.98
Spiidi,Germany,1848,48920,111,1,0.98
BlackMamba,China,182,4587,-105,0.97,0.98
viz,United States,229,5982,-16,1,0.98
AlekS,Sweden,178,4605,-80,0.97,0.98
kapacho,Ukraine,282,7394,-26,0.99,0.98
RattlesnK,United Kingdom,138,3465,-48,0.98,0.98
Toft,Denmark,128,3489,-16,0.99,0.98
WyCloud,China,116,2960,-24,0.99,0.98
Templ ,Ukraine,118,3093,-10,1,0.98
nilo,Sweden,259,6972,-33,0.99,0.98
reck,United States,204,5358,-101,0.97,0.98
Senpai,Lebanon,123,3180,-36,0.98,0.98
DeStRoYeR,China,567,14983,-134,0.99,0.98
jenko,United Kingdom,182,4811,-106,0.97,0.98
syken,Germany,413,10832,-248,0.97,0.98
InJect,Australia,346,9009,5,1,0.98
dfen,Denmark,248,6461,-132,0.97,0.98
plat,Portugal,175,4586,-14,1,0.98
RUSH,United States,1360,35610,-260,0.99,0.98
Pollo,United States,309,8069,-130,0.98,0.98
NEKIZ,Brazil,759,19908,-293,0.98,0.98
BURNRUOk,Australia,860,22168,-518,0.97,0.98
drg,Brazil,238,6244,-100,0.98,0.98
KAPARZO,Czech Republic,234,6048,-74,0.98,0.98
Argency,Korea,186,4796,30,1.01,0.98
Fadey,South Africa,494,12543,-399,0.96,0.98
PERCY,Denmark,1003,26682,-368,0.98,0.98
shonk,United States,256,6564,-142,0.97,0.98
enix,Norway,104,2730,-61,0.97,0.98
kalth,Australia,125,3265,-60,0.97,0.98
fp1,Brazil,272,7187,-304,0.94,0.98
sancz,United States,315,8346,-75,0.99,0.98
apocdud,Australia,587,15167,-151,0.99,0.98
streboR,United States,157,4167,-53,0.98,0.98
roz,Brazil,102,2739,-18,0.99,0.98
Radifaction,Norway,498,13361,-182,0.98,0.98
yellow,Australia,271,7006,-62,0.99,0.98
Yokowow,Argentina,102,2563,-79,0.96,0.98
mikki,Norway,100,2768,-38,0.98,0.98
kustoM,South Africa,109,2752,-15,0.99,0.98
SPELLAN,Bulgaria,1421,37216,-202,0.99,0.98
DemQQ,Ukraine,300,7888,-80,0.99,0.98
sany,Poland,127,3354,-120,0.95,0.98
PKL,Brazil,930,24266,-239,0.99,0.98
Artill,China,260,6573,-269,0.95,0.98
Marek,Taiwan,389,10245,-101,0.99,0.98
blocker,Bulgaria,864,22973,-511,0.97,0.97
RuStY,Sweden,1082,29199,-266,0.99,0.97
Twinx,Denmark,228,6062,-8,1,0.97
phantom,United States,149,3920,-62,0.98,0.97
zeptic,United States,193,4919,-177,0.95,0.97
crow,Japan,277,7092,-35,0.99,0.97
RpK,France,1499,39100,-617,0.98,0.97
mono,Poland,660,17625,-8,1,0.97
guishorro,Argentina,331,8472,-347,0.94,0.97
JUSTCAUSE,Thailand,350,9008,-221,0.97,0.97
NaOw,Spain,113,2863,-89,0.96,0.97
FATAL,Brazil,146,3724,-98,0.96,0.97
Laski,United States,151,3886,-26,0.99,0.97
AJTT,Czech Republic,161,4336,-26,0.99,0.97
SeokE,Korea,138,3537,-32,0.99,0.97
joshbM,United States,147,3857,-105,0.96,0.97
Keoz,Belgium,686,18283,-459,0.96,0.97
BrN,Bulgaria,166,4382,-22,0.99,0.97
Jewelry,China,301,7711,-183,0.97,0.97
jmqa,Russia,921,24166,-267,0.98,0.97
maak,Norway,223,5866,-165,0.96,0.97
Mayker,Australia,417,10767,-169,0.98,0.97
propleh,Russia,387,10295,-102,0.99,0.97
beastik,Czech Republic,457,12301,-182,0.98,0.97
KriLLe,Sweden,108,2891,-35,0.98,0.97
w1nt3r,Kazakhstan,375,9992,-31,1,0.97
sinnopsyy,Albania,429,11522,-365,0.96,0.97
seized,Russia,1440,37891,-446,0.98,0.97
seb,United States,603,15586,-224,0.98,0.97
oskarish,Poland,933,24869,-272,0.98,0.97
tomi,Argentina,235,6036,-122,0.97,0.97
b0bbzki,Sweden,278,7248,-240,0.95,0.97
jet-,United States,177,4472,-68,0.98,0.97
jokes,Australia,134,3448,-63,0.97,0.97
whatz,Portugal,139,3720,-54,0.98,0.97
HOLMES,Serbia,405,10541,-205,0.97,0.97
UnK,Brazil,118,3037,-23,0.99,0.97
Aleksib,Finland,926,24472,-106,0.99,0.97
KIPSIk,Finland,100,2616,-56,0.97,0.97
kUcheR,Russia,852,22314,-145,0.99,0.97
djay,Canada,601,15572,-314,0.97,0.97
Drea3er,China,391,10063,-276,0.96,0.97
nafany,Russia,741,19708,-475,0.97,0.97
voidex,Russia,103,2701,-109,0.94,0.97
expro,China,346,9148,-144,0.98,0.97
walker,Canada,172,4529,-8,1,0.97
ViztA,Estonia,165,4241,-73,0.97,0.97
stk,Thailand,591,15136,-223,0.98,0.97
Delta9,United States,118,3149,-96,0.96,0.97
J3nsyy,Denmark,127,3434,10,1,0.97
JazzPimp,United States,249,6491,-176,0.96,0.97
Reality,United States,157,4072,-13,1,0.97
ELUSIVE,South Africa,394,9975,53,1.01,0.97
bENITA,United States,175,4390,-132,0.96,0.97
mnL,Germany,153,3912,-78,0.97,0.97
BASE,United States,108,2772,-80,0.96,0.97
chopper,Russia,978,25970,-324,0.98,0.97
sterling,Canada,150,3830,-115,0.96,0.97
Surreal,United Kingdom,1352,35371,-599,0.97,0.97
flAme,Kazakhstan,128,3432,-93,0.96,0.97
Aree,China,158,4154,-66,0.98,0.97
leman,Poland,342,9212,-114,0.98,0.97
Retla,Singapore,130,3484,-82,0.97,0.97
dok,Brazil,257,6789,-203,0.96,0.97
misutaaa,France,292,7708,-160,0.97,0.97
luckeRRR,Germany,142,3688,-43,0.98,0.97
648,Argentina,199,5167,-58,0.98,0.97
benny,Sweden,219,5640,-118,0.97,0.97
xek,Bulgaria,127,3278,-91,0.96,0.97
SEMINTE,Romania,607,15872,-366,0.97,0.97
tyfoon,Canada,176,4486,-202,0.94,0.97
f4stzin,Brazil,336,9085,-278,0.96,0.97
jabbi,Denmark,536,14477,-171,0.98,0.97
DEVIL,France,636,16582,-291,0.97,0.97
bodito,Hungary,391,10474,-308,0.96,0.97
BouLy,France,172,4496,-180,0.94,0.97
MAIROLLS,Thailand,495,12791,-213,0.98,0.97
ossada,Brazil,103,2625,-38,0.98,0.97
fara,Chile,218,5678,-181,0.96,0.97
SOKER,Spain,636,16692,-437,0.96,0.97
LUCAS1,Brazil,920,23889,-416,0.97,0.97
gabesson,Hungary,441,11654,-264,0.97,0.97
haflex,Lithuania,187,4795,-92,0.97,0.97
pr,Portugal,292,7701,-249,0.95,0.97
takej,Japan,245,6227,-141,0.97,0.97
Pro.,Philippines,329,8534,-78,0.99,0.97
Kryptix,United Kingdom,113,2998,-32,0.98,0.97
tiziaN,Germany,1592,42077,-477,0.98,0.97
KHRN,Finland,935,24443,-245,0.98,0.97
trace,Denmark,125,3109,8,1,0.97
Guepard,Peru,125,3137,-70,0.97,0.97
RenZ,United States,146,3769,-128,0.95,0.97
DILLION1,Uruguay,190,4953,-112,0.97,0.97
Leaf,Thailand,398,10120,-71,0.99,0.97
pesadelo,Brazil,430,11333,-403,0.95,0.97
elo,Sweden,100,2543,-39,0.98,0.97
Martin,China,149,4051,-99,0.96,0.97
starix,Ukraine,625,16451,-241,0.98,0.97
friberg,Sweden,1803,46720,-996,0.97,0.97
reltuC,United States,865,22664,-74,1,0.97
wenton,Sweden,198,5129,-117,0.97,0.97
ed101,China,244,6127,-167,0.96,0.97
Hyper,Poland,646,16949,-167,0.99,0.96
DH,Sweden,124,3245,-46,0.98,0.96
qz,China,138,3463,-63,0.97,0.96
phr,Poland,1170,31254,-408,0.98,0.96
minko,Bulgaria,107,2810,-73,0.96,0.96
wjw,China,135,3398,-49,0.98,0.96
ProbLeM,Russia,495,13438,-242,0.97,0.96
supLex,Brazil,125,3298,-49,0.98,0.96
prakM,Australia,255,6587,-230,0.95,0.96
malik,Russia,225,5993,-136,0.97,0.96
KS,Denmark,238,6134,-129,0.97,0.96
wiz,United States,268,7098,-109,0.98,0.96
BLUEE,Czech Republic,205,5374,-85,0.98,0.96
bLazE,South Africa,106,2736,-57,0.97,0.96
Maniac,Switzerland,837,22049,-388,0.97,0.96
SmithZz,France,1161,30130,-543,0.97,0.96
nooky,Germany,192,4994,-44,0.99,0.96
Strings,United States,217,5634,-218,0.95,0.96
bodyaN,Ukraine,105,2701,-61,0.97,0.96
Laes,Australia,101,2564,-97,0.95,0.96
tot,Turkey,133,3562,-125,0.95,0.96
tt,Brazil,116,2972,-62,0.97,0.96
kaper,Poland,536,14240,-168,0.98,0.96
spacca,Brazil,291,7469,15,1,0.96
0i,China,473,12376,-341,0.96,0.96
b0ychild,Denmark,117,3075,-75,0.96,0.96
maeVe,Denmark,487,12606,-131,0.98,0.96
stanislaw,Canada,1261,32764,-434,0.98,0.96
real_bM,United States,110,2805,-70,0.96,0.96
YNk,Serbia,118,3008,-105,0.95,0.96
maRky,Germany,321,8363,-278,0.95,0.96
Kairi,Spain,404,10297,-204,0.97,0.96
Tommy,Singapore,387,9900,-323,0.95,0.96
Snappi,Denmark,1413,37272,-620,0.98,0.96
smartshi,China,181,4668,-165,0.95,0.96
tabu,Denmark,167,4387,-89,0.97,0.96
Kristou,Denmark,328,8623,-257,0.96,0.96
SADDYX,Finland,625,16725,-386,0.97,0.96
brett,United States,164,4181,-196,0.94,0.96
WHitE,Romania,212,5458,-153,0.96,0.96
xms,France,712,18783,-624,0.95,0.96
barce,Japan,264,6741,-224,0.95,0.96
dangeR,Australia,208,5385,-140,0.96,0.96
NEO,Poland,1933,50399,-1235,0.96,0.96
Amaterasu,India,119,3044,-112,0.95,0.96
horvy,Brazil,231,5787,-110,0.97,0.96
Bymas,Lithuania,263,7105,-42,0.99,0.96
shhhack,Slovakia,114,3045,-92,0.96,0.96
Krewmer,Sweden,184,4698,-122,0.96,0.96
HellrangeR,India,122,3186,-47,0.98,0.96
crank,Poland,226,6006,-103,0.97,0.96
FinigaN,Russia,454,12178,-38,1,0.96
Rak,Germany,203,5120,-144,0.96,0.96
sickLy,Colombia,252,6317,-87,0.98,0.96
Char,United States,173,4458,-203,0.94,0.96
Uber,Canada,398,10027,-299,0.96,0.96
Coffee,Belarus,355,9234,-291,0.95,0.96
Spesh,Australia,109,2796,-102,0.95,0.96
nbl,Argentina,564,14554,-458,0.95,0.96
BAS,Russia,265,6922,-213,0.96,0.96
Subbey,Malaysia,132,3479,-131,0.95,0.96
LILMAN,Canada,264,6925,-264,0.95,0.96
restikk,Argentina,221,5712,-157,0.96,0.96
renatoohaxx,Portugal,234,6277,-367,0.92,0.96
abE,United States,237,6084,-270,0.94,0.96
spamzzy1,Colombia,331,8320,-358,0.94,0.96
glow,Korea,395,10045,-99,0.98,0.96
MOLSI,Poland,288,7648,-244,0.95,0.96
Kvik,Lithuania,780,20389,-667,0.95,0.96
deviaNt,South Africa,122,3086,-53,0.97,0.96
YOUYOU,Belgium,201,5139,-147,0.96,0.96
dezon,Sweden,398,10707,-178,0.97,0.96
The eLiVe,Slovakia,261,7076,-138,0.97,0.96
Jayzwalkingz,Sweden,330,8839,-167,0.97,0.96
moonsh1n3,Finland,147,3883,-94,0.96,0.96
krecker,Russia,227,5882,-154,0.96,0.96
kyoto,Australia,244,6398,-154,0.96,0.96
SOON,Poland,314,8179,-135,0.98,0.96
pulzG,Germany,120,3199,-53,0.97,0.96
acAp,Malaysia,342,8996,-351,0.95,0.96
kevzy,Sweden,170,4621,-160,0.95,0.96
tex,United States,217,5810,-277,0.93,0.96
bee,United States,177,4520,-73,0.98,0.96
VKLL,France,252,6474,-195,0.96,0.96
RZU,United States,340,8881,-341,0.95,0.96
tahsiN,Germany,582,15118,-601,0.94,0.96
Kim,France,105,2630,-88,0.95,0.96
LOGAN,France,590,15692,-300,0.97,0.96
TaZ,Poland,2064,54137,-1187,0.97,0.96
SasukeQO,Russia,100,2665,-141,0.93,0.96
MAJ3R,Turkey,1035,27135,-544,0.97,0.96
Wilky,United States,146,3687,-139,0.95,0.96
El Patron,Russia,213,5748,-80,0.98,0.96
ponczek,Poland,493,13272,-230,0.97,0.96
YJ,Brazil,514,13425,-71,0.99,0.96
kinqie,Russia,630,16751,-593,0.95,0.96
LNZ,Sweden,209,5532,-64,0.98,0.96
quiNz,Denmark,162,4181,-127,0.95,0.96
tease,Sweden,152,4042,-112,0.96,0.96
Jimmy,Australia,111,2830,-117,0.94,0.96
smF,Denmark,790,20710,-384,0.97,0.96
shellzi,Portugal,185,4983,-172,0.95,0.96
devoduvek,France,620,16394,-528,0.95,0.95
v1N,Netherlands,185,4816,-99,0.97,0.95
tmL,Denmark,111,2859,-73,0.96,0.95
denis,Germany,1821,48452,-1825,0.95,0.95
Andersin,United States,117,3114,-169,0.93,0.95
Rampage,United States,232,6136,-223,0.95,0.95
vEz,Canada,131,3388,-112,0.95,0.95
becker,Norway,189,5069,-240,0.93,0.95
impsta,United States,221,5801,-257,0.94,0.95
RAIMOVORMISTO,Finland,130,3432,-102,0.96,0.95
alexRr,Germany,433,11346,-554,0.93,0.95
steel,Brazil,1416,37000,-798,0.97,0.95
JT,South Africa,850,21988,-636,0.96,0.95
dumz,Sweden,455,12074,-320,0.96,0.95
Tresh1k,Ukraine,126,3293,-108,0.95,0.95
caike,Brazil,472,12342,-337,0.96,0.95
conoR,Ireland,113,2964,-79,0.96,0.95
neto,Norway,122,3198,-95,0.96,0.95
Karus,Sweden,206,5399,-272,0.93,0.95
Sapec,Sweden,292,7788,-310,0.94,0.95
soju_j,New Zealand,535,13675,-367,0.96,0.95
cheti,Estonia,151,3872,-194,0.93,0.95
NpK,Belgium,109,2828,-102,0.95,0.95
Sharkie,United States,124,3336,-178,0.93,0.95
dERZKIY,Belarus,402,10481,-375,0.95,0.95
Grusarn,Norway,465,12690,-623,0.93,0.95
AcilioN,Denmark,1598,42135,-1211,0.96,0.95
DeniMM,Germany,104,2640,-128,0.93,0.95
icem4N,Kazakhstan,253,6754,-255,0.95,0.95
Ejram,Iraq,125,3327,-124,0.95,0.95
SoneSb,France,113,3026,-163,0.92,0.95
Console,Denmark,708,18612,-582,0.95,0.95
Cunha,Portugal,130,3386,-171,0.93,0.95
darko,Poland,785,21297,-783,0.95,0.95
CONNOR93,Canada,449,11544,-457,0.94,0.95
inVert,United States,144,3668,-205,0.92,0.95
lowrider,United States,132,3460,-161,0.93,0.95
JDK,Australia,101,2638,-94,0.95,0.95
st0Le,Croatia,127,3144,-149,0.93,0.95
r0bs3n,Germany,292,7517,-250,0.95,0.95
KrizzeN,Kazakhstan,763,20020,-368,0.97,0.95
roque,Sweden,139,3605,-121,0.95,0.95
animus,Australia,112,2947,-93,0.95,0.95
dmm,China,213,5414,-259,0.93,0.95
xns,Brazil,130,3460,-129,0.95,0.95
wannafly,Thailand,265,6875,-206,0.96,0.95
jemi,Finland,279,7502,-220,0.96,0.95
Sync,Australia,246,6305,-233,0.95,0.95
aimaNNN,Malaysia,298,7819,-195,0.96,0.95
DarkS1DE,Ukraine,237,6179,-291,0.93,0.95
droid,United States,242,6092,-189,0.96,0.95
VANITY,United Kingdom,203,5331,-223,0.94,0.95
Skurk,Norway,242,6340,-175,0.96,0.95
Insane,China,302,7871,-331,0.94,0.95
oxygeN,Bulgaria,496,13336,-402,0.95,0.95
oddo,Germany,194,4951,-204,0.94,0.95
Polly,Norway,434,11278,-420,0.95,0.95
cLb,Vietnam,144,3572,-114,0.95,0.95
Toy,United States,322,8318,-307,0.95,0.95
HugoXD,Sweden,278,7510,-284,0.94,0.95
huynh,Canada,258,6665,-250,0.95,0.95
chop,United States,219,5832,-219,0.95,0.95
disturbed,Finland,250,6409,-291,0.94,0.95
Smash,Ukraine,131,3499,-127,0.95,0.95
RoSeY,Norway,100,2622,-94,0.95,0.95
xype,Poland,124,3252,-97,0.96,0.95
Levi,Czech Republic,136,3736,-209,0.92,0.95
Sidney,Poland,356,9611,-254,0.96,0.95
flashie,Hungary,585,15493,-522,0.95,0.95
cruzN,Guatemala,178,4450,-187,0.94,0.95
arvid,Finland,871,23328,-974,0.94,0.95
ZER,Sweden,151,3954,-103,0.96,0.95
kuben,Poland,168,4196,-48,0.98,0.95
latro,Russia,143,3658,-155,0.94,0.95
strux1,Germany,403,10276,-246,0.96,0.95
Rambutan,Vietnam,154,3788,-215,0.92,0.95
ecfN,Germany,426,11214,-471,0.94,0.95
FlipiN,Spain,256,6542,-242,0.95,0.95
Karsa,China,457,11674,-290,0.96,0.95
luko,Slovakia,114,3141,-120,0.94,0.95
Muzoona,Australia,111,2806,-136,0.93,0.95
Norwi,Russia,162,4258,-165,0.94,0.95
koyot,Poland,147,3811,-128,0.95,0.95
Walco,Canada,265,7009,-390,0.92,0.95
TORAS,Lithuania,151,3937,-192,0.93,0.95
mizu,Australia,280,7434,-374,0.93,0.95
Melio,Canada,194,4894,-243,0.93,0.95
Bobosaur,Singapore,338,8801,-291,0.95,0.95
xajdish,Sweden,246,6481,-242,0.95,0.95
Inzta,Denmark,754,19798,-849,0.94,0.94
uNdo,Belarus,431,11246,-358,0.95,0.94
TOAO,Poland,1037,27564,-909,0.95,0.94
prosus,Germany,176,4611,-237,0.93,0.94
tutehen,Argentina,412,10650,-290,0.96,0.94
klebz,Australia,148,3808,-179,0.93,0.94
MaTaFe,Slovenia,158,3997,-159,0.94,0.94
ZINKEN,Sweden,303,8105,-235,0.96,0.94
Rock1nG,Bulgaria,877,23099,-1008,0.94,0.94
bnox,Poland,114,3097,-143,0.93,0.94
vSa,Canada,385,10066,-322,0.95,0.94
Duplicate,Bulgaria,697,18561,-720,0.94,0.94
kzy,Germany,961,25078,-801,0.95,0.94
OKOLICIOUZ,Poland,203,5336,-214,0.94,0.94
moki,China,191,4844,-299,0.92,0.94
nosraC,United States,280,7397,-381,0.93,0.94
MAIDHEN,France,135,3446,-260,0.9,0.94
Twixie,Finland,619,16761,-641,0.94,0.94
Marved,Canada,110,2773,-163,0.92,0.94
krg,Brazil,136,3551,-138,0.94,0.94
Queenix,Denmark,278,7524,-223,0.95,0.94
Fifflaren,Sweden,537,13195,-43,0.99,0.94
SileNt,United States,624,16235,-788,0.93,0.94
Patrick,Bulgaria,323,8725,-470,0.92,0.94
devastation,United States,192,4828,-196,0.94,0.94
matty,Poland,418,11040,-428,0.94,0.94
H4wK,Mongolia,149,3945,-212,0.92,0.94
Andrew,Uruguay,196,5114,-271,0.93,0.94
thief,United States,103,2602,-180,0.9,0.94
zonixx,Germany,166,4329,-133,0.95,0.94
arieldidi,Argentina,136,3578,-133,0.95,0.94
stavros,Germany,351,8961,-538,0.92,0.94
Fighter,United States,169,4526,-199,0.94,0.94
tonyblack,Russia,826,21699,-725,0.95,0.94
tr3vl,Russia,217,5571,-267,0.93,0.94
Zote,Argentina,197,4967,-176,0.95,0.94
picky,United States,189,4903,-270,0.92,0.94
EXUS,Poland,807,21496,-970,0.94,0.94
r1d3r,Romania,154,3943,-189,0.93,0.94
arch,Ukraine,593,15530,-658,0.94,0.94
KORN,Norway,183,4855,-298,0.91,0.94
KOLER,Canada,114,2943,-142,0.93,0.94
boX,Belarus,1075,28733,-1262,0.94,0.94
Necrogenes1s,Macedonia,145,3989,-202,0.93,0.94
interz,Russia,727,19368,-162,0.99,0.94
LOMME,Denmark,623,16172,-532,0.95,0.94
Ex6TenZ,Belgium,1393,36352,-1064,0.96,0.94
DomiNate,Sweden,187,4922,-238,0.93,0.94
ub1que,Russia,491,12691,-496,0.94,0.94
James,Australia,331,8631,-444,0.93,0.94
qk-Mantis,Germany,155,3923,-229,0.92,0.94
maNkz,Denmark,416,11180,-539,0.93,0.94
zander,United States,231,6042,-308,0.93,0.94
Noisia,Australia,579,15033,-616,0.94,0.94
fel1x,Germany,301,7551,-423,0.92,0.94
Grucha,Poland,150,3977,-243,0.91,0.94
holzt,Denmark,334,8750,-450,0.93,0.94
soLo,Serbia,112,2811,-113,0.94,0.94
Klauss,Chile,105,2685,-96,0.95,0.94
Fox,Russia,198,5134,-187,0.95,0.94
emi,Serbia,1025,26663,-1116,0.94,0.94
approx,Germany,129,3332,-112,0.95,0.94
la3euka,Russia,188,4992,-228,0.94,0.94
Partodis,Bulgaria,169,4392,-166,0.94,0.94
forget,China,442,11512,-734,0.91,0.94
Diray,Russia,262,6977,-257,0.94,0.94
w1,Brazil,127,3358,-122,0.94,0.94
Kolibrien,Denmark,136,3612,-116,0.95,0.94
Gooden,Argentina,118,3105,-167,0.92,0.94
stark,Poland,314,8322,-421,0.93,0.94
H4RR3,Norway,528,14244,-771,0.92,0.94
kHRYSTAL,Sweden,126,3263,-115,0.95,0.94
Barken,Sweden,138,3632,-166,0.93,0.94
hasteka,Mongolia,133,3433,-255,0.9,0.94
minse,Russia,116,2931,-135,0.93,0.94
keshandr,Russia,314,8221,-374,0.94,0.94
Lamplight,China,134,3424,-170,0.93,0.93
repo,Poland,503,13199,-657,0.93,0.93
crisby,Germany,1193,31129,-1725,0.92,0.93
cJ,United States,195,5023,-279,0.92,0.93
ngiN,Turkey,1010,26515,-782,0.95,0.93
eLUSIVE,Australia,245,6372,-260,0.94,0.93
nat1ve,Ukraine,132,3504,-209,0.92,0.93
DANZ,Australia,350,9171,-558,0.92,0.93
Topa,Ukraine,266,7035,-299,0.93,0.93
Xaisty,Sweden,140,3665,-260,0.9,0.93
SeveN89,Thailand,187,4776,-252,0.93,0.93
Reita,Japan,139,3608,-162,0.93,0.93
draWsouL,United States,116,3049,-148,0.93,0.93
dav1dK,Germany,207,5375,-340,0.91,0.93
P4TriCK,Germany,203,5361,-332,0.91,0.93
neaLaN,Kazakhstan,872,23290,-1181,0.93,0.93
DANVIET,Brazil,180,4596,-292,0.91,0.93
r4ul,Brazil,124,3178,-190,0.92,0.93
ozzy,United Kingdom,118,2993,-199,0.91,0.93
G1DO,Netherlands,143,3688,-150,0.94,0.93
novel,Ukraine,155,3979,-235,0.92,0.93
hutji,Russia,453,12010,-664,0.92,0.93
quix,Sweden,892,23654,-1654,0.91,0.93
bzt,Hungary,106,2768,-130,0.93,0.93
TACO,Brazil,1245,32324,-1008,0.95,0.93
Maccen,Denmark,101,2704,-119,0.93,0.93
Uzzziii,France,262,6749,-384,0.92,0.93
GMX,France,239,6187,-370,0.92,0.93
stan1ey,United Kingdom,239,6239,-440,0.9,0.93
Shakezullah,United States,634,16505,-500,0.95,0.93
guerri,Brazil,185,4872,-265,0.92,0.93
lucasp,Slovakia,107,2920,-200,0.91,0.93
ZED,United Kingdom,106,2701,-106,0.94,0.93
7oX1C,Ukraine,292,7726,-319,0.94,0.93
TuGuX,Germany,349,9074,-308,0.95,0.93
phx,Brazil,120,3198,-141,0.93,0.93
foxz,Thailand,242,6187,-333,0.92,0.93
maxie,Sweden,185,4857,-361,0.9,0.93
Sa7,China,164,4145,-268,0.91,0.93
castro,Canada,104,2658,-144,0.92,0.93
callum_murray,Australia,152,3864,-253,0.91,0.93
yepz,Brazil,208,5453,-248,0.93,0.93
arki,Spain,733,19297,-914,0.93,0.93
meisoN,Spain,336,8692,-596,0.91,0.93
nonick,France,304,7930,-445,0.92,0.93
RIZZZ,Portugal,372,9717,-574,0.91,0.93
RAiLWAY,Russia,303,8095,-580,0.9,0.93
a2z,Canada,200,5171,-277,0.92,0.93
mynio,Poland,715,19157,-1185,0.91,0.93
kiR,Denmark,368,9928,-650,0.91,0.93
Hiki,United States,109,2831,-179,0.91,0.93
JoJo,United States,120,3276,-234,0.9,0.93
Twiksar,Russia,167,4448,-252,0.92,0.93
rdl,Sweden,114,3008,-193,0.91,0.93
ONLY,Turkey,148,3843,-140,0.94,0.93
LYNXi,Finland,149,4082,-150,0.94,0.93
rafftu,Bulgaria,468,12557,-612,0.93,0.93
sK,Australia,348,8948,-648,0.9,0.93
spaydeR,Mexico,181,4672,-267,0.92,0.93
spiKez,Australia,125,3181,-158,0.93,0.93
Eeyore,Indonesia,214,5531,-344,0.91,0.93
Astroo,United Kingdom,185,4796,-236,0.93,0.93
Bernard,Netherlands,135,3487,-226,0.91,0.93
Dav,Serbia,385,9943,-580,0.92,0.93
SENER1,Albania,176,4603,-281,0.91,0.93
grape,United States,145,3740,-236,0.91,0.93
bladE,Spain,178,4568,-237,0.93,0.93
BRNZ1K,Brazil,129,3339,-189,0.92,0.93
Mi5ERY,China,156,3991,-281,0.91,0.93
INCRED,Canada,169,4285,-236,0.92,0.93
deMO,Brazil,137,3702,-196,0.92,0.93
hiffer,Denmark,117,3123,-207,0.91,0.93
psycho,Bulgaria,290,7571,-474,0.91,0.92
zeq,Denmark,138,3615,-232,0.91,0.92
Samppa,Finland,111,2927,-177,0.91,0.92
MetaL,Belgium,247,6419,-391,0.91,0.92
pipsoN,Russia,112,2875,-168,0.92,0.92
aVN,Serbia,436,11530,-586,0.93,0.92
aKis,United States,190,4925,-317,0.91,0.92
dragunov,Spain,221,5699,-243,0.94,0.92
leckr,Czech Republic,120,3208,-163,0.93,0.92
effys,Canada,258,6700,-365,0.92,0.92
t0rick,Azerbaijan,366,9581,-514,0.92,0.92
Art,Russia,174,4676,-282,0.91,0.92
paredao,Brazil,120,3078,-163,0.92,0.92
pachanga,Kyrgyzstan,208,5459,-323,0.91,0.92
S0tF1k,Russia,1274,33567,-1878,0.92,0.92
Pizituh,Portugal,275,7190,-388,0.92,0.92
Ange,Canada,108,2774,-170,0.91,0.92
bnc,Brazil,187,4853,-296,0.91,0.92
hitMouse,Belarus,533,13896,-619,0.93,0.92
mistou,France,314,8284,-440,0.92,0.92
amster,Ukraine,135,3608,-174,0.93,0.92
ncl,Mongolia,502,12890,-568,0.93,0.92
JinNy,Thailand,151,3986,-193,0.93,0.92
Xp3,France,502,13113,-792,0.91,0.92
fear,Ukraine,101,2551,-136,0.92,0.92
n0tice,Poland,132,3524,-196,0.92,0.92
nhl,Argentina,170,4398,-275,0.91,0.92
gejmzilla,Hungary,106,2858,-205,0.9,0.92
zpr,Portugal,120,3176,-200,0.91,0.92
SANJI,Uzbekistan,719,19295,-944,0.93,0.92
breAker,United Arab Emirates,274,7172,-323,0.93,0.92
KiTTy-KaT,Belgium,112,2810,-171,0.91,0.92
SkulL,Australia,512,13333,-1005,0.9,0.92
PR1mE,Denmark,206,5583,-349,0.91,0.92
pNshr,Bulgaria,595,15532,-809,0.92,0.92
cype,Sweden,202,5290,-313,0.91,0.92
PnX,Denmark,117,2878,-225,0.89,0.92
Click-,Malaysia,145,3688,-249,0.9,0.92
MSL,Denmark,1710,44677,-3231,0.9,0.92
nak,Brazil,510,13210,-635,0.93,0.92
APE,Canada,228,5889,-317,0.92,0.92
doublemagic,Bulgaria,159,4086,-196,0.93,0.92
matHEND,France,333,8606,-629,0.9,0.92
Luz,Poland,647,16970,-957,0.92,0.92
lanhero,United States,172,4364,-238,0.92,0.92
mizzy,Australia,155,4024,-272,0.9,0.92
Professor_Chaos,United States,171,4396,-211,0.93,0.92
Nurfed,United States,125,3128,-235,0.89,0.92
BTN,Romania,942,24639,-1691,0.9,0.92
xartE,Finland,1084,28500,-1344,0.93,0.92
Zeus,Ukraine,1400,37015,-1973,0.92,0.92
arya,United States,434,11148,-845,0.89,0.92
witmer,United States,345,8965,-563,0.91,0.92
SenpaiMadara,Australia,119,3062,-232,0.89,0.92
kanarito,Spain,103,2605,-162,0.91,0.92
Zerocool,Jordan,127,3356,-230,0.9,0.92
karrigan,Denmark,1863,48728,-3117,0.91,0.92
perzon,Sweden,101,2694,-195,0.9,0.92
akez,Norway,354,9605,-693,0.9,0.92
decent,Sweden,215,5612,-294,0.92,0.92
enanoks,Spain,118,3039,-213,0.9,0.92
squidi,Denmark,109,2940,-184,0.91,0.92
retchy,Canada,222,5850,-486,0.89,0.92
asmo,Germany,265,6696,-525,0.89,0.92
kIMERA,Italy,115,2878,-190,0.9,0.92
ztr,Sweden,238,6406,-402,0.91,0.92
shEMETA,Bulgaria,213,5441,-338,0.91,0.92
danoco,Brazil,147,3938,-344,0.88,0.92
Ericip,Sweden,181,4810,-324,0.9,0.92
miLLe,Canada,132,3333,-245,0.9,0.92
AERO,Russia,287,7420,-547,0.9,0.91
netim,Brazil,171,4552,-339,0.9,0.91
lamp,Russia,202,5200,-400,0.89,0.91
B1NGO,China,264,6959,-406,0.91,0.91
3,China,119,3071,-225,0.9,0.91
pietola,Finland,383,10178,-592,0.91,0.91
Cate,China,136,3552,-276,0.89,0.91
ADK,Australia,354,9175,-521,0.92,0.91
Havoc,Australia,100,2460,-176,0.9,0.91
Nighthawk,Australia,141,3629,-358,0.87,0.91
rafa,Brazil,108,2729,-213,0.89,0.91
hpp,Kazakhstan,175,4704,-304,0.91,0.91
asteriskk,Indonesia,100,2558,-150,0.91,0.91
GEOHYPE,Romania,100,2560,-225,0.88,0.91
tecek,Poland,376,9987,-838,0.88,0.91
VofkiN,Russia,106,2744,-282,0.87,0.91
SATURN,United States,109,2907,-205,0.9,0.91
BRACE,Australia,262,6765,-497,0.9,0.91
LEGIJA,Germany,869,22614,-1671,0.9,0.91
roman,Belarus,414,10880,-664,0.91,0.91
EXR,Denmark,149,3869,-251,0.91,0.91
KarriBob,United Arab Emirates,171,4414,-243,0.92,0.91
Shara,Ukraine,383,9929,-742,0.9,0.91
XpG,France,229,5915,-475,0.89,0.91
MusambaN1,Spain,300,7802,-493,0.91,0.91
shinobi,Mongolia,179,4607,-381,0.89,0.91
wayLander,Russia,794,20857,-1715,0.89,0.91
Welshy,United States,153,3833,-336,0.88,0.91
Jialocin,Denmark,115,2985,-214,0.9,0.91
goa,Australia,113,2938,-236,0.89,0.91
avis,Poland,181,4930,-362,0.9,0.91
prb,Norway,156,4018,-203,0.92,0.91
HSK,Thailand,115,2877,-237,0.89,0.91
riku,United States,132,3323,-298,0.88,0.91
Kray,United Kingdom,169,4439,-336,0.89,0.91
TEKO,Brazil,105,2791,-209,0.89,0.91
h1glaiN,Ukraine,175,4655,-347,0.89,0.91
GUTO22,Brazil,144,3659,-255,0.9,0.91
coolio,Hungary,319,8552,-500,0.91,0.91
BONA,Finland,476,12674,-943,0.89,0.91
xikii,Spain,117,3001,-254,0.88,0.91
z1,Ukraine,131,3404,-305,0.88,0.91
kade0,Kazakhstan,272,7333,-494,0.9,0.91
nEiLZiNHo,United Kingdom,159,4166,-243,0.91,0.91
FliP1,Denmark,112,2974,-202,0.9,0.91
Monu,Belgium,173,4516,-333,0.89,0.9
hades,Canada,286,7291,-616,0.88,0.9
kRYSTAL,Germany,1779,46508,-3172,0.9,0.9
sAw,Finland,1267,33681,-2108,0.91,0.9
d@rklord,Vietnam,177,4432,-368,0.89,0.9
svyat,Russia,619,16450,-1030,0.91,0.9
redhide,Russia,221,5720,-438,0.89,0.9
sorrow,Kazakhstan,205,5484,-454,0.88,0.9
TorPe,Spain,144,3725,-247,0.9,0.9
kylin,China,116,2976,-221,0.9,0.9
tsack,Greece,202,5246,-345,0.9,0.9
Golden,Sweden,827,22010,-1778,0.88,0.9
Will1,Brazil,133,3485,-262,0.89,0.9
Waterbaby,China,122,3119,-300,0.87,0.9
willyKS,Indonesia,238,6139,-503,0.89,0.9
Kirby,Germany,349,8900,-772,0.88,0.9
Polox,France,230,5880,-520,0.88,0.9
pita,Bosnia and Herzegovina,177,4660,-424,0.87,0.9
Church,United States,143,3561,-305,0.88,0.9
RICIOLI,Brazil,119,3129,-226,0.9,0.9
MiGHTYMAX,United Kingdom,1008,26684,-1760,0.9,0.9
aune,Finland,221,5856,-411,0.89,0.9
naSu,Finland,220,5862,-388,0.9,0.9
SBT,France,130,3470,-301,0.88,0.9
Pr1zraK,Ukraine,118,3057,-256,0.88,0.9
Roombang,Belgium,124,3164,-241,0.89,0.9
VNko,Bulgaria,143,3616,-224,0.91,0.9
Tee,Vietnam,135,3289,-297,0.87,0.9
Mauisnake,United States,100,2617,-219,0.88,0.9
crush,Ukraine,729,19205,-1467,0.89,0.9
balblna,Russia,611,16017,-1233,0.89,0.9
cookie,New Zealand,115,2922,-266,0.87,0.9
VigzZ,Denmark,147,3845,-433,0.85,0.9
Czapel,Poland,101,2608,-246,0.87,0.9
jasonR,Canada,289,7527,-584,0.89,0.9
It's my,Russia,300,7833,-755,0.87,0.9
d3k1,Serbia,103,2619,-214,0.89,0.9
poem,Japan,191,4844,-408,0.88,0.9
kenzyy,Philippines,119,3044,-226,0.89,0.9
frostezoR,Brazil,207,5390,-403,0.89,0.9
sycrone,Denmark,553,14608,-978,0.9,0.9
cryo,Brazil,119,3103,-252,0.88,0.9
nkl,Bulgaria,642,16554,-1046,0.91,0.9
hooch,Russia,894,23450,-1802,0.89,0.9
Teal,Australia,113,2892,-240,0.88,0.9
lunAtic,Poland,780,21201,-1474,0.9,0.9
J0hnny,Germany,122,3133,-242,0.89,0.9
ben1337,United States,697,18282,-1392,0.89,0.9
bite,United States,138,3499,-291,0.88,0.9
Loord,Poland,369,9412,-606,0.91,0.9
hns,Sweden,233,6251,-564,0.87,0.9
fix,Ukraine,334,8772,-791,0.87,0.9
insom,Russia,114,2911,-269,0.87,0.9
Fuks,France,276,7246,-549,0.89,0.9
Psycho,Ukraine,414,11026,-864,0.89,0.9
xevR,Malaysia,250,6567,-575,0.88,0.89
Gaborik,Estonia,122,3077,-279,0.87,0.89
FNS,Canada,953,25080,-1794,0.89,0.89
segalla,Brazil,160,4127,-367,0.88,0.89
igorlight,Russia,112,3002,-286,0.87,0.89
ino,Australia,249,6530,-637,0.87,0.89
JACKPOT,Russia,101,2554,-220,0.88,0.89
spiker,Russia,415,10974,-974,0.88,0.89
Ro1f,Sweden,107,2840,-225,0.88,0.89
sPiNacH,China,179,4602,-437,0.87,0.89
AAustiN,United States,214,5714,-464,0.88,0.89
els,Canada,295,7589,-716,0.87,0.89
starkiller,Romania,148,3717,-295,0.89,0.89
JiNKZ,France,542,14411,-1193,0.88,0.89
Pancher,Ukraine,105,2752,-284,0.86,0.89
MAiNLiNE,United States,437,11092,-1064,0.87,0.89
zam,Brazil,124,3168,-364,0.85,0.89
pronax,Sweden,1199,31403,-2267,0.89,0.89
sibe,Australia,253,6530,-651,0.86,0.89
kenshex,Brazil,174,4464,-502,0.85,0.89
Polen,United States,435,11470,-978,0.88,0.89
gut0,Brazil,118,3075,-330,0.86,0.89
ScrunK,Germany,807,21471,-2075,0.86,0.89
Lambert,France,687,18118,-1271,0.89,0.89
keeN,Kazakhstan,146,3753,-308,0.88,0.89
Prodigy,Australia,136,3485,-406,0.85,0.89
k1nchiNs,China,140,3621,-383,0.86,0.89
ceh9,Ukraine,173,4501,-300,0.9,0.89
Ar3syK,Australia,180,4716,-442,0.87,0.89
Yvonne,China,244,6276,-620,0.87,0.89
ryk,China,288,7297,-569,0.89,0.89
Raining,China,117,3000,-231,0.89,0.89
FIOURN,China,232,5982,-585,0.87,0.89
t3h f4rm3r,Hungary,168,4243,-407,0.87,0.89
fanatyk,Poland,100,2713,-223,0.88,0.89
Fly,Russia,142,3649,-355,0.87,0.89
TheOne,Romania,177,4586,-440,0.86,0.89
gulito,Albania,122,3193,-257,0.88,0.89
wasiNk,France,135,3613,-306,0.88,0.89
sonic,Australia,210,5458,-468,0.88,0.89
Maiko,Turkey,148,3943,-338,0.88,0.89
Tank,China,125,3176,-314,0.87,0.89
SpyDaemoN,Brazil,142,3772,-316,0.88,0.89
Straxx,Australia,163,4123,-436,0.86,0.88
karl,China,146,3717,-286,0.89,0.88
CyderX,Turkey,107,2824,-249,0.87,0.88
spat1ch,Russia,137,3493,-323,0.87,0.88
ViperDemon,Thailand,131,3439,-280,0.88,0.88
LeX,United States,423,10931,-1161,0.85,0.88
sarenii,Bosnia and Herzegovina,217,5734,-542,0.87,0.88
dukka,Brazil,146,3764,-421,0.85,0.88
Adam9130,United Kingdom,281,7603,-823,0.85,0.88
nylon,Hungary,118,2838,-249,0.87,0.88
Aaron,Hungary,192,5088,-560,0.85,0.88
BERRY,Denmark,738,19314,-2032,0.86,0.88
JoshRT,United States,290,7432,-804,0.85,0.88
torben,Denmark,532,13939,-1196,0.87,0.88
Lightstep,Australia,272,6882,-574,0.88,0.88
AlaNDieg0R,Brazil,169,4421,-367,0.88,0.88
tck,United States,109,2890,-222,0.88,0.88
fabi,Russia,117,3221,-325,0.85,0.88
HooXi,Denmark,568,15152,-1427,0.86,0.88
vek,Canada,188,4848,-547,0.85,0.88
JD,Australia,374,9620,-1105,0.85,0.88
JORDAN,Serbia,177,4458,-446,0.86,0.88
eDi,Finland,153,4114,-409,0.86,0.88
barb1,Slovakia,102,2643,-213,0.88,0.88
advent,China,1021,26183,-1876,0.89,0.88
BanGa,China,108,2734,-311,0.85,0.88
seang@res,United States,713,18391,-1629,0.87,0.88
kiko,United States,107,2729,-280,0.86,0.88
SPUNJ,Australia,160,3991,-452,0.85,0.88
natu,Finland,188,4782,-460,0.86,0.88
kotk,Vietnam,101,2648,-254,0.87,0.88
Kan4,France,151,3937,-447,0.85,0.88
IceBerg,Denmark,168,4409,-544,0.84,0.87
SnypeR,Australia,149,3765,-343,0.87,0.87
Questionmark,China,109,2759,-297,0.86,0.87
tropiiical,United States,122,3122,-336,0.85,0.87
nawrot,Poland,587,15747,-1655,0.85,0.87
acl,Bulgaria,167,4355,-426,0.86,0.87
flowsicK,United States,395,10074,-1047,0.86,0.87
paperboy,United States,111,2862,-228,0.88,0.87
GRAMPZ,United States,182,4642,-451,0.86,0.87
Desshustle,Belarus,102,2629,-300,0.84,0.87
EMENK,Slovakia,119,3186,-306,0.86,0.87
swede,Australia,145,3777,-444,0.84,0.87
zecK,United States,155,3905,-422,0.85,0.87
daps,Canada,1034,27019,-2369,0.87,0.87
birdfromsky,Denmark,534,14353,-1407,0.86,0.87
zlynx,Portugal,286,7518,-898,0.84,0.87
Golz,South Africa,119,2937,-356,0.83,0.87
MAR1ON,France,103,2582,-289,0.85,0.87
montE,Canada,166,4361,-429,0.86,0.87
Dezibel,Australia,361,9269,-857,0.86,0.87
gatito,Argentina,109,2838,-290,0.85,0.87
spielz,Singapore,116,3118,-386,0.83,0.87
Powerzz,United States,107,2817,-326,0.84,0.87
maaRaa,Mongolia,191,4890,-532,0.85,0.87
aNdz,Norway,224,5863,-656,0.84,0.87
zmb,Brazil,106,2706,-343,0.83,0.87
CHEHOL,Russia,107,2657,-362,0.82,0.87
Chuky,Argentina,110,2832,-311,0.85,0.87
sfX,United States,105,2632,-338,0.83,0.87
juricM,Serbia,198,4985,-618,0.83,0.87
Limpone,Sweden,116,3103,-341,0.85,0.87
MomentPlz,Denmark,108,2802,-301,0.85,0.87
dobbo,United Kingdom,114,3050,-317,0.85,0.87
mouseTT,Russia,142,3622,-403,0.84,0.87
FeTiSh,Denmark,239,6057,-580,0.86,0.86
Maxaki,Sweden,134,3412,-408,0.83,0.86
TOBIZ,Denmark,225,6137,-619,0.85,0.86
FrostayK,United States,308,7957,-770,0.86,0.86
moop,Australia,130,3402,-406,0.84,0.86
Rita,China,204,5145,-585,0.84,0.86
trk8,Brazil,125,3291,-347,0.85,0.86
PREDI,Argentina,116,2997,-397,0.83,0.86
Noxio,United States,119,3136,-326,0.85,0.86
def,Ukraine,605,15797,-1593,0.85,0.86
FoDa,Hungary,191,5024,-616,0.83,0.86
Fiziq,United States,186,4808,-541,0.84,0.86
emode,Canada,162,4261,-547,0.83,0.86
dav1g,Spain,122,3282,-352,0.84,0.86
zoneR,Russia,102,2735,-319,0.84,0.86
BLOODZ,Portugal,257,6821,-671,0.85,0.86
djL,Sweden,688,18180,-1735,0.86,0.86
Devilwalk,Sweden,400,10494,-1101,0.85,0.86
wuyu,China,115,3037,-391,0.83,0.86
waneG,France,240,6204,-651,0.85,0.86
alecks,Singapore,239,6228,-693,0.84,0.86
snapy,Portugal,105,2817,-416,0.81,0.86
nuga,Estonia,135,3383,-416,0.83,0.86
shev,Serbia,234,5835,-748,0.82,0.85
BeeTee,Australia,105,2649,-302,0.84,0.85
blaq,Denmark,157,4122,-519,0.83,0.85
Twista,Finland,380,9970,-1149,0.84,0.85
mag0o,Turkey,111,2876,-367,0.83,0.85
busta,Australia,147,3793,-448,0.83,0.85
gotz,Australia,178,4513,-543,0.83,0.85
gob b,Germany,975,25707,-2811,0.84,0.85
sonic,Kazakhstan,168,4454,-531,0.83,0.85
Slemmy,United States,445,11663,-1313,0.83,0.85
pTKKK,Serbia,101,2733,-347,0.82,0.85
berg,Sweden,230,6076,-704,0.83,0.85
Art1st,Russia,126,3304,-431,0.82,0.85
Typos,Denmark,124,3270,-432,0.82,0.85
MkaeL,Canada,129,3310,-429,0.82,0.85
zEVES,Norway,305,8061,-996,0.83,0.85
zypztw,Denmark,175,4735,-590,0.82,0.85
peku,Finland,273,7324,-985,0.82,0.85
BobZ,Brazil,161,4289,-498,0.83,0.85
LONSDALE,New Zealand,368,9415,-1203,0.82,0.85
tamir,Mongolia,241,6296,-954,0.8,0.84
Xtinct,Australia,264,6719,-862,0.82,0.84
Strong Legs,Canada,111,2822,-368,0.82,0.84
splawik,Poland,135,3499,-469,0.82,0.84
SolEk,Switzerland,377,9498,-1285,0.81,0.84
enkay J,Germany,174,4593,-564,0.82,0.84
PASHANOJ,Russia,588,15386,-2182,0.8,0.84
GYZER,Brazil,134,3434,-447,0.82,0.84
rewind,Australia,100,2455,-348,0.81,0.84
Kevve,Sweden,169,4528,-572,0.82,0.84
Rub3nix,Portugal,107,2694,-404,0.8,0.83
Jumpy,Sweden,175,4605,-594,0.81,0.83
wallax,France,169,4345,-565,0.82,0.83
Chub,Australia,254,6511,-1025,0.79,0.83
mCe,United States,249,6467,-954,0.79,0.83
Kwong,United States,114,3012,-417,0.81,0.83
B1ad3,Ukraine,899,23232,-3408,0.8,0.83
shinobi,United States,352,9234,-1394,0.79,0.83
rmL,Hungary,103,2745,-372,0.81,0.83
netrick,Denmark,454,11952,-1732,0.8,0.82
soifong,Indonesia,134,3277,-567,0.77,0.82
SecretAgent,Mexico,130,3355,-479,0.79,0.82
insane,United States,148,3844,-567,0.79,0.82
haste,Denmark,341,8835,-1310,0.79,0.82
redSNK,United Kingdom,104,2608,-418,0.78,0.82
Eley,United States,148,3990,-597,0.79,0.82
simix,Belgium,204,5407,-803,0.79,0.82
Heyz1ng,Russia,114,2951,-504,0.78,0.81
Ethan,China,111,2800,-427,0.79,0.81
gmanchew,Canada,105,2714,-430,0.78,0.81
HUNDEN,Denmark,1578,41153,-6238,0.78,0.81
chucky,Brazil,110,2883,-492,0.77,0.81
jhd,Australia,111,2867,-521,0.76,0.81
zews,Brazil,142,3640,-555,0.78,0.8
Habib,Australia,101,2348,-455,0.75,0.8
luk,Brazil,188,4850,-836,0.77,0.8
ferg,Australia,129,3385,-610,0.76,0.8
Immi,United Kingdom,152,3894,-703,0.76,0.79
RuFire,Russia,351,9320,-1720,0.75,0.79
Bustem,Slovenia,119,2984,-536,0.76,0.78
DuDe,Germany,303,8063,-1464,0.74,0.78
flashstep,United States,130,3305,-629,0.74,0.78
gargoyle,Australia,142,3382,-789,0.72,0.77
HaRts,France,116,2993,-506,0.74,0.77
OCEAN,Canada,410,10602,-1962,0.74,0.77
jakem,United Kingdom,114,2941,-580,0.73,0.77
benq1,Slovakia,196,5070,-954,0.73,0.77
vanilla,Australia,118,2910,-607,0.73,0.77
MILENK0,Bulgaria,119,3178,-665,0.73,0.76
SPAMMER,United States,135,3458,-756,0.7,0.74
valens,United States,251,6594,-1459,0.69,0.74
breaker,Australia,132,3160,-749,0.69,0.73
frgd,Indonesia,130,3196,-822,0.65,0.7
OverDrive,Russia,132,3364,-908,0.63,0.68
